Symbol,Price~,Type,Strike,Expires,DTE,"Bid x Size","Ask x Size",Trade,Size,Side,Premium,Volume,"Open Int",IV,Delta,Code,*,Time
AUR,4.78,Put,4,2026-09-18T16:30:00-05:00,210,"0.00 x 0","2.85 x 1",0.6,637,mid,38200,637,4855,74.58%,-0.2656769088,AUTO,N/A,"09:30:00 ET"
INTC,43.5801,Call,80,2026-07-17T16:30:00-05:00,147,"0.00 x 0","0.78 x 512",0.75,400,mid,30000,400,2981,64.32%,0.10358457580194,SLAN,N/A,"09:30:00 ET"
AUR,4.78,Put,4,2026-06-18T16:30:00-05:00,118,"0.00 x 0","5.00 x 2",0.45,340,mid,15300,340,666,81.10%,-0.2617276423,AUTO,N/A,"09:30:01 ET"
META,639.05,Put,620,2026-02-20T16:30:00-06:00,0,"0.45 x 4","0.55 x 1",0.47,300,mid,14100,301,6236,40.66%,-0.0739573402,MLET,N/A,"09:30:01 ET"
META,639.05,Put,615,2026-02-20T16:30:00-06:00,0,"0.23 x 2","0.33 x 3",0.31,300,mid,9300,337,1838,42.17%,-0.0387668647,MLET,N/A,"09:30:01 ET"
PLUG,1.88,Call,2,2026-02-27T16:30:00-06:00,7,"0.0000 x 0","0.0700 x 6",0.07,4445,ask,31100,4451,5582,91.66%,0.33777036520245,SLAN,N/A,"09:30:01 ET"
AAL,13.35,Call,12,2026-03-20T16:30:00-05:00,28,"1.70 x 44","2.75 x 7",1.72,181,mid,31100,181,3751,63.35%,0.75605173703439,AUTO,N/A,"09:30:01 ET"
AMD,200.28,Call,310,2026-03-20T16:30:00-05:00,28,"0.01 x 256","0.14 x 1",0.1,553,mid,5500,941,7731,63.75%,0.0089008447093004,AUTO,N/A,"09:30:01 ET"
OPEN,5.2125,Put,5,2026-02-20T16:30:00-06:00,0,"0.02 x 46","0.06 x 3",0.05,1013,mid,5000,5190,18260,177.29%,-0.308936166,AUTO,N/A,"09:30:01 ET"
SNAP,4.94,Call,20,2027-01-15T16:30:00-06:00,329,"0.06 x 3","0.16 x 10",0.09,1000,mid,9000,1000,42624,78.36%,0.071610979761575,AUTO,N/A,"09:30:01 ET"
PLTR,132.148,Call,137,2026-02-20T16:30:00-06:00,0,"0.24 x 600","0.24 x 441",0.24,600,ask,14400,897,4323,48.78%,0.079839720130239,AUTO,N/A,"09:30:01 ET"
IBRX,8.4714,Call,9,2026-02-20T16:30:00-06:00,0,"0.20 x 772","0.40 x 1",0.2,772,bid,15400,816,17108,227.24%,0.32533139111213,AUTO,N/A,"09:30:01 ET"
NOW,106.12,Call,150,2028-01-21T16:30:00-06:00,700,"16.00 x 10","19.40 x 130",18.9,130,mid,245700,130,882,50.12%,0.47799505707586,AUTO,N/A,"09:30:01 ET"
RIVN,15.255,Put,14,2026-05-15T16:30:00-05:00,84,"1.43 x 101","1.44 x 172",1.44,101,ask,14500,200,831,73.49%,-0.3302696483,AUTO,N/A,"09:30:01 ET"
AGI,46.2801,Call,35,2026-03-20T16:30:00-05:00,28,"10.70 x 27","11.00 x 2",11,156,ask,171600,381,9444,69.18%,0.94134752651225,AUTO,N/A,"09:30:02 ET"
OPEN,5.2125,Call,5,2026-02-20T16:30:00-06:00,0,"0.47 x 21","0.50 x 496",0.5,496,ask,24800,6460,30752,118.95%,0.75990168147526,AUTO,N/A,"09:30:02 ET"
OSCR,13.45,Call,40,2028-01-21T16:30:00-06:00,700,"2.20 x 106","3.75 x 1",2.2,106,bid,23300,111,36031,82.49%,0.37280996236821,AUTO,N/A,"09:30:02 ET"
GME,23.55,Put,24,2026-02-20T16:30:00-06:00,0,"0.25 x 1","0.50 x 200",0.5,200,ask,10000,222,3684,48.59%,-0.7702031702,AUTO,N/A,"09:30:02 ET"
OXY,51.73,Call,50,2026-04-17T16:30:00-05:00,56,"2.41 x 1","3.75 x 71",3.72,142,mid,52800,155,6097,31.69%,0.6385078019298,AUTO,N/A,"09:30:02 ET"
RIG,6.29,Call,6,2026-02-20T16:30:00-06:00,0,"0.10 x 1","0.60 x 1",0.21,400,mid,8400,488,8821,86.18%,0.85886238296134,AUTO,N/A,"09:30:02 ET"
JOBY,10.075,Call,12,2026-03-13T16:30:00-05:00,21,"0.15 x 10","0.48 x 6",0.32,350,mid,11200,350,86,94.68%,0.25874233638584,AUTO,ToOpen,"09:30:03 ET"
TEM,61,Call,80,2026-03-20T16:30:00-05:00,28,"0.83 x 13","1.58 x 13",1,200,mid,20000,209,3665,84.84%,0.15277842959163,AUTO,N/A,"09:30:03 ET"
OWL,10.64,Put,10.5,2026-02-20T16:30:00-06:00,0,"0.00 x 0","1.20 x 8",0.1,1000,mid,10000,1178,1235,120.33%,-0.4046126149,AUTO,N/A,"09:30:03 ET"
LAR,6.94,Call,7.5,2026-03-20T16:30:00-05:00,28,"0.40 x 5","0.90 x 1",0.5,274,mid,13700,274,559,93.00%,0.43577662073078,AUTO,N/A,"09:30:03 ET"
INTC,43.63,Put,48,2026-02-20T16:30:00-06:00,0,"4.20 x 1000","5.45 x 1",4.2,1000,bid,420000,1100,7470,129.22%,-0.9174887728,AUTO,N/A,"09:30:03 ET"
XRAY,12.435,Put,12.5,2026-03-20T16:30:00-05:00,28,"0.45 x 24","0.85 x 5",0.8,200,mid,16000,200,2573,55.44%,-0.4838165804,AUTO,N/A,"09:30:03 ET"
VIPS,17.37,Put,17,2026-03-20T16:30:00-05:00,28,"0.45 x 25","0.80 x 200",0.8,200,ask,16000,200,433,49.42%,-0.4222635474,AUTO,N/A,"09:30:03 ET"
CIFR,15.525,Call,21,2026-03-20T16:30:00-05:00,28,"0.40 x 286","0.76 x 21",0.6,200,mid,12000,200,19960,120.28%,0.23212048426657,AUTO,N/A,"09:30:03 ET"
WULF,15.16,Call,17.5,2026-02-27T16:30:00-06:00,7,"0.10 x 75","0.40 x 125",0.4,125,ask,5000,125,1202,139.05%,0.25151558243049,AUTO,N/A,"09:30:04 ET"
GRAL,49.4,Put,45,2026-02-20T16:30:00-06:00,0,"0.65 x 1","1.00 x 200",1,200,ask,20000,338,7,250.47%,-0.2169220347,AUTO,BuyToOpen,"09:30:04 ET"
HELE,18.545,Put,35,2026-05-15T16:30:00-05:00,84,"14.20 x 40","18.80 x 20",16.42,126,mid,206800,132,14,77.48%,-0.957553317,TLET,ToOpen,"09:30:04 ET"
VERI,2.94,Call,5,2027-01-15T16:30:00-06:00,329,"0.80 x 5","1.50 x 174",0.8,250,bid,20000,250,1964,114.14%,0.53253128158995,AUTO,N/A,"09:30:05 ET"
XOM,150.07,Call,160,2026-03-20T16:30:00-05:00,28,"1.65 x 79","2.37 x 96",2.03,500,mid,101400,1029,11846,31.56%,0.247374020116,AUTO,N/A,"09:30:05 ET"
AG,25.73,Call,24,2026-02-20T16:30:00-06:00,0,"1.08 x 1","1.35 x 30",1.17,120,mid,14000,154,5510,106.29%,0.90142436545606,AUTO,N/A,"09:30:05 ET"
AMZN,203.97,Call,210,2026-02-20T16:30:00-06:00,0,"0.10 x 8","0.12 x 140",0.12,595,ask,7100,686,40278,35.95%,0.061157855024447,SLAN,N/A,"09:30:06 ET"
HIMS,15.8301,Put,15,2026-02-27T16:30:00-06:00,7,"0.94 x 767","0.97 x 111",0.97,111,ask,10700,134,2635,153.86%,-0.3586265661,AUTO,N/A,"09:30:07 ET"
HPQ,18.41,Call,25,2026-12-18T16:30:00-06:00,301,"0.80 x 138","1.03 x 95",0.9,200,mid,18000,200,321,42.93%,0.25030184867108,MLET,N/A,"09:30:07 ET"
HPQ,18.41,Call,25,2027-01-15T16:30:00-06:00,329,"0.86 x 105","1.09 x 79",0.98,200,mid,19600,200,1171,42.71%,0.26064236901064,MLET,N/A,"09:30:07 ET"
AMKR,48.09,Call,50,2026-02-20T16:30:00-06:00,0,"0.25 x 200","0.30 x 16",0.25,200,bid,5000,266,1173,81.23%,0.18408963743581,AUTO,N/A,"09:30:08 ET"
CRCL,61.88,Put,50,2026-02-27T16:30:00-06:00,7,"0.30 x 51","0.47 x 200",0.47,200,ask,9400,219,2119,123.52%,-0.0908391553,AUTO,N/A,"09:30:08 ET"
TSLA,407.865,Call,435,2026-02-27T16:30:00-06:00,7,"1.38 x 4","1.45 x 14",1.45,498,ask,72200,1539,14558,40.18%,0.13195998000505,AUTO,N/A,"09:30:09 ET"
TSLA,407.865,Call,435,2026-02-27T16:30:00-06:00,7,"1.38 x 8","1.45 x 28",1.45,467,ask,67700,1539,14558,40.18%,0.13195998000505,AUTO,N/A,"09:30:09 ET"
AAL,13.35,Call,13,2026-03-20T16:30:00-05:00,28,"1.07 x 1017","1.06 x 35",1.06,124,ask,13100,180,15402,60.71%,0.59560475983463,AUTO,N/A,"09:30:09 ET"
NAT,4.85,Put,5,2026-04-17T16:30:00-05:00,56,"0.10 x 1670","0.50 x 1100",0.5,1100,ask,55000,1100,1240,51.81%,-0.530525305,AUTO,N/A,"09:30:10 ET"
OPEN,5.2125,Put,5,2026-02-27T16:30:00-06:00,7,"0.10 x 450","0.11 x 488",0.11,488,ask,5300,871,1925,104.85%,-0.3581636638,AUTO,N/A,"09:30:10 ET"
ARBE,1.135,Call,2,2026-08-21T16:30:00-05:00,182,"0.1500 x 10","0.2000 x 1548",0.2,1548,ask,30900,1548,1979,123.85%,0.42462126847594,AUTO,N/A,"09:30:10 ET"
INTC,43.63,Call,49,2026-02-27T16:30:00-06:00,7,"0.16 x 394","0.20 x 275",0.2,275,ask,5500,325,1871,65.38%,0.10902581189815,AUTO,N/A,"09:30:10 ET"
FLNG,27.44,Call,28,2026-05-15T16:30:00-05:00,84,"0.60 x 10","1.20 x 16",0.95,120,mid,11400,120,440,25.87%,0.4179975079176,AUTO,N/A,"09:30:10 ET"
LI,18.01,Call,20,2026-03-20T16:30:00-05:00,28,"0.40 x 200","0.50 x 13",0.4,200,bid,8000,200,5079,52.98%,0.26700152282725,ISOI,N/A,"09:30:11 ET"
AAPL,259.32,Put,250,2026-02-20T16:30:00-06:00,0,"0.10 x 3065","0.12 x 242",0.1,811,bid,8100,4094,17203,36.64%,-0.0264157139,AUTO,N/A,"09:30:11 ET"
AAPL,259.32,Put,247.5,2026-02-20T16:30:00-06:00,0,"0.05 x 5","0.06 x 315",0.05,1913,bid,9500,4069,2088,41.63%,-0.0149657752,AUTO,N/A,"09:30:11 ET"
MARA,7.905,Call,7.5,2026-02-20T16:30:00-06:00,0,"0.40 x 5","0.49 x 12",0.45,120,mid,5400,245,20686,78.08%,0.90642595178727,MLET,N/A,"09:30:12 ET"
NBIS,105.205,Call,107,2026-02-27T16:30:00-06:00,7,"6.00 x 150","6.25 x 34",6,150,bid,90000,160,396,100.26%,0.48109053070593,AUTO,N/A,"09:30:13 ET"
PLTR,132.148,Put,130,2026-02-20T16:30:00-06:00,0,"1.01 x 49","1.10 x 31",1.01,213,bid,21500,1669,11644,54.08%,-0.2741110038,ISOI,N/A,"09:30:13 ET"
WMT,122.565,Put,125,2026-02-20T16:30:00-06:00,0,"2.28 x 1","2.36 x 190",2.36,387,ask,91300,2796,11863,32.16%,-0.8787939926,AUTO,N/A,"09:30:14 ET"
U,18.12,Put,19,2026-02-20T16:30:00-06:00,0,"1.19 x 998","1.35 x 318",1.19,998,bid,118700,2508,2876,153.33%,-0.7104333247,AUTO,N/A,"09:30:14 ET"
MSFT,395.68,Put,400,2026-02-20T16:30:00-06:00,0,"4.80 x 41","5.00 x 320",5,320,ask,160000,2264,9206,26.95%,-0.7781219857,AUTO,N/A,"09:30:14 ET"
BAC,52.4481,Call,65,2027-01-15T16:30:00-06:00,329,"0.71 x 482","2.49 x 41",1.69,169,mid,28500,169,9906,26.34%,0.2437736355672,SLAN,N/A,"09:30:14 ET"
U,18.12,Put,19,2026-02-20T16:30:00-06:00,0,"1.20 x 500","1.35 x 286",1.2,500,bid,60000,2508,2876,153.33%,-0.7104333247,AUTO,N/A,"09:30:14 ET"
OPEN,5.2125,Call,7,2026-03-06T16:30:00-06:00,14,"0.12 x 41","0.15 x 1",0.13,505,mid,6500,1095,2819,114.37%,0.11542306463283,AUTO,N/A,"09:30:14 ET"
PBR,15.71,Call,19,2026-03-20T16:30:00-05:00,28,"0.07 x 1015","0.10 x 1015",0.07,1015,bid,7100,1016,1907,45.20%,0.071961462916293,AUTO,N/A,"09:30:15 ET"
AMD,201.12,Put,202.5,2026-02-20T16:30:00-06:00,0,"3.35 x 842","3.85 x 28",3.3,261,bid,86100,381,5365,44.71%,-0.6101163396,AUTO,N/A,"09:30:15 ET"
FNKO,4.925,Call,5,2026-03-20T16:30:00-05:00,28,"0.35 x 513","0.90 x 20",0.68,125,mid,8500,150,6615,152.75%,0.57236648903786,MLET,N/A,"09:30:17 ET"
HOOD,77.16,Call,160,2026-07-17T16:30:00-05:00,147,"0.41 x 2263","0.74 x 185",0.74,185,ask,13600,185,1077,65.92%,0.066997907172606,AUTO,N/A,"09:30:17 ET"
WMT,122.565,Put,125,2026-02-20T16:30:00-06:00,0,"2.18 x 1","2.45 x 340",2.45,364,ask,89100,2796,11863,32.16%,-0.8787939926,AUTO,N/A,"09:30:17 ET"
SNDL,1.5306,Put,1.5,2028-01-21T16:30:00-06:00,700,"0.0000 x 0","0.5000 x 20",0.4,200,mid,8000,200,8359,56.89%,-0.3216843104,AUTO,N/A,"09:30:18 ET"
NVO,47.58,Call,47,2026-02-20T16:30:00-06:00,0,"0.00 x 0","2.17 x 101",0.97,159,mid,15400,559,2390,52.96%,0.67708348571975,MLET,N/A,"09:30:19 ET"
NVO,47.58,Call,46.5,2026-02-20T16:30:00-06:00,0,"0.96 x 98","1.50 x 44",1.37,159,mid,21700,559,760,59.06%,0.77745837933032,MLET,N/A,"09:30:19 ET"
UBS,42.44,Call,42.5,2026-04-17T16:30:00-05:00,56,"1.90 x 672","2.05 x 672",2.05,672,ask,137700,677,10,30.72%,0.52563643773751,AUTO,BuyToOpen,"09:30:19 ET"
OWL,10.64,Put,8,2026-04-17T16:30:00-05:00,56,"0.25 x 400","0.75 x 384",0.25,200,bid,5000,200,7,75.52%,-0.1363190438,AUTO,SellToOpen,"09:30:19 ET"
KTOS,103.15,Call,95,2026-02-20T16:30:00-06:00,0,"9.20 x 23","11.80 x 10",11.28,110,mid,124000,211,762,167.32%,0.83925943442635,SLAN,N/A,"09:30:20 ET"
OXY,51.73,Call,80,2027-01-15T16:30:00-06:00,329,"1.02 x 200","1.20 x 46",1.12,200,mid,22400,410,16342,35.05%,0.13426266282255,SLAN,N/A,"09:30:20 ET"
DBRG,15.43,Call,15,2028-01-21T16:30:00-06:00,700,"0.40 x 2","5.00 x 2",1.45,114,mid,16500,997,1199,4.32%,0.93326222720632,AUTO,N/A,"09:30:21 ET"
DBRG,15.43,Call,15,2028-01-21T16:30:00-06:00,700,"0.40 x 2","1.95 x 1",1.35,882,mid,119000,997,1199,4.32%,0.93326222720632,AUTO,N/A,"09:30:21 ET"
TSLA,407.865,Call,500,2026-04-02T16:30:00-05:00,41,"2.13 x 154","2.20 x 1385",2.2,1385,ask,304700,7645,9580,41.14%,0.084090277671367,AUTO,N/A,"09:30:23 ET"
GME,23.705,Call,25,2026-03-20T16:30:00-05:00,28,"0.71 x 29","0.71 x 81",0.71,163,ask,11500,338,23252,52.13%,0.37761663312249,AUTO,N/A,"09:30:24 ET"
OPEN,5.2125,Call,5.5,2026-02-20T16:30:00-06:00,0,"0.13 x 1","0.15 x 900",0.15,413,ask,6100,6594,23155,149.01%,0.25671738463489,SLAN,N/A,"09:30:25 ET"
GOSS,2.0795,Call,2,2026-02-20T16:30:00-06:00,0,"0.05 x 1120","0.35 x 2",0.35,200,ask,7000,502,8027,186.53%,0.67425982252729,MLET,N/A,"09:30:25 ET"
BP,38.07,Put,39,2026-07-17T16:30:00-05:00,147,"2.65 x 7","3.85 x 8",3.05,500,mid,152500,500,150,27.17%,-0.5235016691,SLFT,ToOpen,"09:30:26 ET"
U,18.12,Put,19,2026-02-20T16:30:00-06:00,0,"1.18 x 275","1.34 x 337",1.18,485,bid,57200,2508,2876,153.33%,-0.7104333247,ISOI,N/A,"09:30:26 ET"
ONDS,11.02,Call,12.5,2026-03-06T16:30:00-06:00,14,"0.56 x 846","0.56 x 346",0.56,346,ask,19300,931,2572,124.03%,0.34764765394037,AUTO,N/A,"09:30:26 ET"
GOOGL,306.93,Call,325,2026-03-06T16:30:00-06:00,14,"1.41 x 84","1.44 x 350",1.44,350,ask,50400,352,1457,31.36%,0.18949843873455,AUTO,N/A,"09:30:27 ET"
U,18.12,Put,19,2026-02-20T16:30:00-06:00,0,"1.21 x 511","1.29 x 349",1.21,511,bid,61800,2508,2876,153.33%,-0.7104333247,AUTO,N/A,"09:30:27 ET"
GOOGL,306.93,Put,270,2026-03-20T16:30:00-05:00,28,"1.93 x 93","1.94 x 166",1.93,363,bid,70000,868,9318,39.14%,-0.1040655015,AUTO,N/A,"09:30:30 ET"
OXY,51.73,Call,65,2026-06-18T16:30:00-05:00,118,"0.80 x 250","0.99 x 544",0.8,170,bid,13600,1105,1982,36.18%,0.1630892826119,AUTO,N/A,"09:30:30 ET"
PANW,152.3875,Put,125,2026-06-18T16:30:00-05:00,118,"3.40 x 610","4.00 x 400",4,400,ask,160000,400,238,44.64%,-0.1714357984,AUTO,BuyToOpen,"09:30:31 ET"
OPEN,5.2125,Call,5,2026-02-20T16:30:00-06:00,0,"0.41 x 108","0.44 x 1",0.41,910,bid,37300,6460,30752,118.95%,0.75990168147526,AUTO,N/A,"09:30:32 ET"
GOSS,2.0795,Call,2,2026-02-20T16:30:00-06:00,0,"0.05 x 1925","0.35 x 2",0.35,200,ask,7000,502,8027,186.53%,0.67425982252729,MLET,N/A,"09:30:33 ET"
OWL,10.64,Put,10,2026-02-20T16:30:00-06:00,0,"0.05 x 1019","0.10 x 3669",0.09,1000,mid,9000,12476,1978,181.85%,-0.2411040736,SLAN,N/A,"09:30:34 ET"
OWL,10.64,Put,10,2026-02-20T16:30:00-06:00,0,"0.05 x 999","0.10 x 3669",0.09,688,mid,6100,12476,1978,181.85%,-0.2411040736,SLAN,N/A,"09:30:36 ET"
JD,26.785,Call,30,2026-04-17T16:30:00-05:00,56,"0.37 x 2384","0.74 x 2245",0.55,200,mid,11000,204,5096,41.04%,0.23618804808635,AUTO,N/A,"09:30:36 ET"
ONDS,11.02,Call,12,2026-03-20T16:30:00-05:00,28,"1.20 x 2501","1.38 x 384",1.3,608,mid,79000,660,55441,131.56%,0.48245079776671,SLAN,N/A,"09:30:38 ET"
OWL,10.64,Put,10,2026-02-20T16:30:00-06:00,0,"0.05 x 91","0.10 x 3669",0.1,996,ask,9900,12476,1978,181.85%,-0.2411040736,SLAN,N/A,"09:30:38 ET"
TSLA,407.865,Call,500,2026-04-02T16:30:00-05:00,41,"2.20 x 1","2.43 x 93",2.16,993,bid,214400,7645,9580,41.14%,0.084090277671367,AUTO,N/A,"09:30:39 ET"
SSRM,29.39,Call,25,2026-03-20T16:30:00-05:00,28,"4.60 x 193","4.80 x 100",4.8,300,ask,144000,312,10496,69.10%,0.82883208311565,AUTO,N/A,"09:30:39 ET"
INTC,43.63,Call,44,2026-02-20T16:30:00-06:00,0,"0.28 x 2","0.41 x 486",0.28,707,bid,19700,1531,12185,49.54%,0.37727491364196,AUTO,N/A,"09:30:40 ET"
INTC,43.63,Call,45,2027-12-17T16:30:00-06:00,665,"14.00 x 250","14.35 x 601",14,500,bid,700000,500,4222,61.79%,0.65409580193647,AUTO,N/A,"09:30:42 ET"
WMT,122.565,Put,125,2026-02-20T16:30:00-06:00,0,"2.21 x 63","2.34 x 289",2.34,289,ask,67600,2796,11863,32.16%,-0.8787939926,AUTO,N/A,"09:30:43 ET"
WMT,122.565,Put,125,2026-02-20T16:30:00-06:00,0,"2.21 x 101","2.43 x 272",2.43,272,ask,66000,2796,11863,32.16%,-0.8787939926,AUTO,N/A,"09:30:46 ET"
ACB,3.85,Put,4,2026-02-20T16:30:00-06:00,0,"0.25 x 225","0.30 x 334",0.28,199,mid,5500,243,1627,215.35%,-0.6121826348,AUTO,N/A,"09:30:46 ET"
AG,25.73,Call,25,2026-02-20T16:30:00-06:00,0,"0.33 x 1816","0.55 x 200",0.55,200,ask,11000,457,12194,86.10%,0.74790577971139,AUTO,N/A,"09:30:47 ET"
CDE,24.346,Call,22.5,2026-05-15T16:30:00-05:00,84,"4.40 x 1347","4.80 x 65",4.7,343,mid,161200,343,12533,83.03%,0.65382015889649,AUTO,N/A,"09:30:48 ET"
OPEN,5.2125,Call,5,2026-03-20T16:30:00-05:00,28,"0.71 x 1762","0.71 x 145",0.71,394,ask,27900,1332,9881,85.10%,0.62031667793324,AUTO,N/A,"09:30:48 ET"
OPEN,5.2125,Call,4.5,2026-02-20T16:30:00-06:00,0,"0.88 x 3066","0.92 x 36",0.92,220,ask,20200,1639,11931,0.00%,0,AUTO,N/A,"09:30:49 ET"
PLTR,132.148,Put,130,2026-02-20T16:30:00-06:00,0,"0.87 x 48","0.96 x 37",0.94,347,mid,32600,1669,11644,54.08%,-0.2741110038,SLAN,N/A,"09:30:49 ET"
CELH,47.075,Call,48,2026-02-20T16:30:00-06:00,0,"0.64 x 12","0.76 x 300",0.76,900,ask,68400,966,413,111.59%,0.38020298934317,AUTO,BuyToOpen,"09:30:49 ET"
NVDA,187.72,Put,177.5,2026-02-20T16:30:00-06:00,0,"0.08 x 1880","0.09 x 90",0.08,1481,bid,11800,4035,22995,55.17%,-0.0244078847,AUTO,N/A,"09:30:50 ET"
BP,38.07,Call,36,2026-04-17T16:30:00-05:00,56,"3.00 x 239","3.20 x 231",3.2,231,ask,73900,231,1312,35.63%,0.67435037841121,AUTO,N/A,"09:30:51 ET"
NEM,124.42,Call,110,2026-02-20T16:30:00-06:00,0,"11.15 x 677","14.50 x 4",13.4,450,mid,603000,458,2009,228.32%,0.86396271953129,AUTO,N/A,"09:30:51 ET"
WMT,122.565,Put,125,2026-02-20T16:30:00-06:00,0,"2.35 x 128","2.46 x 315",2.46,315,ask,77400,2796,11863,32.16%,-0.8787939926,AUTO,N/A,"09:30:52 ET"
SOFI,19.08,Put,19.5,2026-02-20T16:30:00-06:00,0,"0.57 x 588","0.62 x 34",0.61,166,mid,10100,209,6651,70.77%,-0.7163525901,AUTO,N/A,"09:30:53 ET"
HOOD,77.16,Call,77,2026-02-20T16:30:00-06:00,0,"0.44 x 909","0.53 x 1",0.53,300,ask,15900,1572,7999,61.59%,0.53345034908012,AUTO,N/A,"09:30:53 ET"
SOFI,19.08,Call,19,2026-02-27T16:30:00-06:00,7,"0.63 x 27","0.80 x 568",0.65,200,mid,13000,237,731,63.01%,0.53974418756292,AUTO,N/A,"09:30:55 ET"
GOOGL,306.93,Put,270,2026-03-20T16:30:00-05:00,28,"1.89 x 68","1.95 x 129",1.89,208,bid,39300,868,9318,39.14%,-0.1040655015,AUTO,N/A,"09:30:57 ET"
DOMO,3.705,Put,4,2026-02-20T16:30:00-06:00,0,"0.00 x 0","0.40 x 1",0.4,248,ask,9900,260,58,278.75%,-0.6758482116,AUTO,BuyToOpen,"09:30:58 ET"
OWL,10.64,Put,11.5,2026-02-27T16:30:00-06:00,7,"0.90 x 751","0.95 x 545",0.9,545,bid,49000,765,1131,81.99%,-0.7362934713,AUTO,N/A,"09:30:58 ET"
SATS,113.57,Call,115,2026-02-20T16:30:00-06:00,0,"0.35 x 50","2.15 x 108",1,150,mid,15000,150,2020,68.01%,0.36930588970548,AUTO,N/A,"09:30:59 ET"
NIO,4.9186,Call,6,2026-05-15T16:30:00-05:00,84,"0.25 x 386","0.29 x 902",0.29,490,ask,14200,492,30561,66.40%,0.33071595839747,SLAN,N/A,"09:31:00 ET"
OXY,51.73,Call,65,2026-06-18T16:30:00-05:00,118,"0.80 x 250","0.98 x 1188",0.8,250,bid,20000,1105,1982,36.18%,0.1630892826119,AUTO,N/A,"09:31:01 ET"
XOM,150.07,Put,150,2026-02-27T16:30:00-06:00,7,"2.27 x 107","2.27 x 285",2.27,285,ask,64600,307,1365,28.93%,-0.4857176798,AUTO,N/A,"09:31:01 ET"
USAR,17.95,Put,18.5,2026-02-20T16:30:00-06:00,0,"0.70 x 304","0.85 x 200",0.85,200,ask,17000,222,572,100.44%,-0.7091755267,AUTO,N/A,"09:31:01 ET"
WMT,122.565,Put,125,2026-02-20T16:30:00-06:00,0,"2.17 x 75","2.28 x 375",2.28,375,ask,85400,2796,11863,32.16%,-0.8787939926,AUTO,N/A,"09:31:01 ET"
HBM,24.29,Call,25,2026-11-20T16:30:00-06:00,273,"4.70 x 1050","5.30 x 40",5.3,400,ask,212000,494,104,64.43%,0.60731112580241,AUTO,BuyToOpen,"09:31:01 ET"
MU,422.78,Call,395,2026-02-20T16:30:00-06:00,0,"24.00 x 122","27.00 x 6",25.78,500,mid,1289000,507,2124,102.34%,0.90431376207278,MLET,N/A,"09:31:01 ET"
MU,422.78,Call,400,2026-02-20T16:30:00-06:00,0,"20.25 x 77","22.50 x 10",21.08,500,mid,1054000,544,11415,74.16%,0.92774471379541,MLET,N/A,"09:31:01 ET"
WMT,122.565,Put,126,2026-02-20T16:30:00-06:00,0,"3.05 x 140","3.35 x 2",3.2,162,mid,51800,279,7414,0.00%,0,SLAN,N/A,"09:31:02 ET"
WMT,122.565,Put,105,2026-03-20T16:30:00-05:00,28,"0.23 x 435","0.43 x 1766",0.33,268,mid,8800,420,6395,36.53%,-0.0548410075,MLAT,N/A,"09:31:02 ET"
WMT,122.565,Put,125,2026-03-20T16:30:00-05:00,28,"4.75 x 50","5.00 x 36",4.86,134,mid,65100,263,7525,26.22%,-0.5847345248,MLAT,N/A,"09:31:02 ET"
COHR,233.16,Put,230,2026-02-20T16:30:00-06:00,0,"3.20 x 749","5.20 x 169",3.2,749,bid,239600,749,910,96.19%,-0.3821949297,AUTO,N/A,"09:31:02 ET"
OPEN,5.2125,Call,5.5,2026-02-20T16:30:00-06:00,0,"0.15 x 4","0.16 x 337",0.16,929,ask,14800,6594,23155,149.01%,0.25671738463489,SLAN,N/A,"09:31:03 ET"
COIN,168.36,Call,170,2026-02-20T16:30:00-06:00,0,"0.89 x 8","1.02 x 2",1,400,mid,40000,1448,10455,65.62%,0.39573545968128,AUTO,N/A,"09:31:04 ET"
SMCI,31.7198,Call,32,2026-02-20T16:30:00-06:00,0,"0.20 x 23","0.22 x 158",0.22,547,ask,12000,1353,23147,68.93%,0.41101383559877,AUTO,N/A,"09:31:04 ET"
NVO,47.58,Call,46.5,2026-02-20T16:30:00-06:00,0,"0.97 x 339","1.50 x 90",1.3,106,mid,13700,559,760,59.06%,0.77745837933032,MLET,N/A,"09:31:05 ET"
RIG,6.29,Call,7,2026-12-18T16:30:00-06:00,301,"0.30 x 5543","0.73 x 750",0.73,750,ask,54700,751,41435,58.28%,0.47502531578749,AUTO,N/A,"09:31:06 ET"
BTG,5.155,Call,7.5,2027-01-15T16:30:00-06:00,329,"0.60 x 1704","0.65 x 4500",0.62,1000,mid,62000,5501,41069,63.94%,0.38312200713838,AUTO,N/A,"09:31:07 ET"
RCAT,12.885,Call,11,2026-03-20T16:30:00-05:00,28,"2.60 x 693","2.60 x 77",2.6,1225,ask,318500,1969,1968,111.17%,0.75073499761631,AUTO,N/A,"09:31:08 ET"
RCAT,12.885,Call,11,2026-03-20T16:30:00-05:00,28,"2.61 x 463","2.61 x 86",2.61,701,ask,182900,1969,1968,111.17%,0.75073499761631,AUTO,N/A,"09:31:08 ET"
GOOGL,306.93,Call,310,2026-02-20T16:30:00-06:00,0,"0.48 x 10","0.52 x 99",0.52,208,ask,10800,7814,12630,29.64%,0.26346469563317,SLAN,N/A,"09:31:08 ET"
EGO,42.9799,Call,45,2026-12-18T16:30:00-06:00,301,"6.30 x 648","8.10 x 20",8.1,140,ask,113400,800,202,54.68%,0.58375855900325,AUTO,N/A,"09:31:09 ET"
CELH,47.075,Call,39,2026-03-06T16:30:00-06:00,14,"9.25 x 186","9.65 x 10",9.65,640,ask,617600,1480,16123,127.36%,0.81187826800992,AUTO,N/A,"09:31:10 ET"
PLTR,132.148,Put,140,2026-02-20T16:30:00-06:00,0,"8.45 x 14","8.65 x 38",8.65,592,ask,512000,680,10113,79.51%,-0.9157750151,AUTO,N/A,"09:31:10 ET"
OXY,51.73,Call,65,2026-06-18T16:30:00-05:00,118,"0.75 x 250","0.80 x 90",0.75,250,bid,18700,1105,1982,36.18%,0.1630892826119,AUTO,N/A,"09:31:11 ET"
RBRK,53.19,Put,60,2026-02-20T16:30:00-06:00,0,"6.20 x 108","7.00 x 18",6.6,125,mid,82500,161,536,0.00%,0,AUTO,N/A,"09:31:12 ET"
BTG,5.155,Call,7.5,2027-01-15T16:30:00-06:00,329,"0.60 x 1373","0.65 x 4172",0.62,4500,mid,279000,5501,41069,63.94%,0.38312200713838,AUTO,N/A,"09:31:12 ET"
EGO,42.9799,Call,45,2026-12-18T16:30:00-06:00,301,"8.10 x 69","10.00 x 5",8.12,318,mid,258200,800,202,54.68%,0.58375855900325,SLAN,N/A,"09:31:13 ET"
OPEN,5.2125,Call,5,2026-05-15T16:30:00-05:00,84,"1.08 x 2948","1.20 x 173",1.2,173,ask,20700,241,4362,103.56%,0.6365957239237,AUTO,N/A,"09:31:14 ET"
DASH,174.265,Put,170,2026-03-20T16:30:00-05:00,28,"6.65 x 94","8.00 x 300",8,300,ask,240000,300,500,53.59%,-0.3988680862,AUTO,N/A,"09:31:16 ET"
OWL,10.64,Put,10,2026-02-20T16:30:00-06:00,0,"0.05 x 1207","0.10 x 421",0.1,3683,ask,36800,12476,1978,181.85%,-0.2411040736,AUTO,N/A,"09:31:16 ET"
UNH,289.68,Call,500,2026-06-18T16:30:00-05:00,118,"0.50 x 200","0.70 x 5",0.5,200,bid,10000,202,8954,43.94%,0.019957356574307,AUTO,N/A,"09:31:17 ET"
SLS,4.0986,Call,3,2028-01-21T16:30:00-06:00,700,"2.10 x 1","3.10 x 61",3.1,282,ask,87400,283,5794,113.29%,0.84756005635772,AUTO,N/A,"09:31:17 ET"
BTG,5.155,Call,5.5,2026-05-15T16:30:00-05:00,84,"0.50 x 84","0.50 x 5",0.5,790,ask,39500,1245,15545,64.01%,0.48186493367314,AUTO,N/A,"09:31:18 ET"
BHP,75.21,Call,75,2026-03-20T16:30:00-05:00,28,"2.70 x 200","2.70 x 170",2.7,200,ask,54000,201,1832,32.12%,0.52208184963966,AUTO,N/A,"09:31:18 ET"
SBSW,15.42,Call,17,2028-01-21T16:30:00-06:00,700,"5.00 x 400","7.50 x 1705",5,400,bid,200000,400,1047,67.56%,0.62927145416396,AUTO,N/A,"09:31:19 ET"
PBR,15.71,Call,20,2026-03-27T16:30:00-05:00,35,"0.01 x 33","0.08 x 1160",0.08,1160,ask,9200,1160,0,51.61%,0.075511540377659,AUTO,BuyToOpen,"09:31:19 ET"
TSLA,407.865,Call,500,2026-04-02T16:30:00-05:00,41,"2.19 x 96","2.20 x 996",2.2,996,ask,219100,7645,9580,41.14%,0.084090277671367,AUTO,N/A,"09:31:24 ET"
SNAP,4.9265,Call,7,2026-09-18T16:30:00-05:00,210,"0.55 x 200","0.55 x 351",0.55,200,ask,11000,200,8308,74.10%,0.37935869220413,AUTO,N/A,"09:31:24 ET"
GOOG,307.455,Call,310,2026-02-20T16:30:00-06:00,0,"0.49 x 200","0.50 x 23",0.49,200,bid,9800,4026,7484,31.99%,0.31481122501156,AUTO,N/A,"09:31:25 ET"
LCID,9.65,Call,5,2026-02-20T16:30:00-06:00,0,"4.15 x 1476","4.55 x 280",4.55,280,ask,127400,280,292,868.70%,0.95377855799018,AUTO,N/A,"09:31:25 ET"
NOK,7.62,Call,8,2026-05-15T16:30:00-05:00,84,"0.52 x 95","0.52 x 50",0.52,411,ask,21300,469,708,45.44%,0.4634683755236,AUTO,N/A,"09:31:25 ET"
MSFT,395.68,Put,400,2026-02-20T16:30:00-06:00,0,"4.80 x 22","5.00 x 321",5,321,ask,160500,2264,9206,26.95%,-0.7781219857,AUTO,N/A,"09:31:25 ET"
CLSK,9.785,Put,9,2026-02-27T16:30:00-06:00,7,"0.25 x 2004","0.43 x 4574",0.25,217,bid,5400,327,2707,107.84%,-0.2614780497,AUTO,N/A,"09:31:26 ET"
NBIS,105.205,Call,120,2026-06-18T16:30:00-05:00,118,"16.00 x 205","16.00 x 150",16,150,ask,240000,150,1394,87.86%,0.50410016939057,AUTO,N/A,"09:31:26 ET"
GOOGL,306.93,Put,300,2026-02-20T16:30:00-06:00,0,"0.41 x 5","0.44 x 438",0.44,394,ask,17300,1398,10923,35.92%,-0.107983444,ISOI,N/A,"09:31:27 ET"
MSFT,395.68,Call,425,2026-03-20T16:30:00-05:00,28,"3.10 x 74","3.25 x 141",3.2,500,mid,160000,536,10009,27.78%,0.19375817533749,AUTO,N/A,"09:31:27 ET"
BMNR,19.9696,Put,21,2026-02-20T16:30:00-06:00,0,"1.00 x 961","1.39 x 771",1.17,200,mid,23400,201,1892,116.48%,-0.7882342133,MLET,N/A,"09:31:28 ET"
BMNR,19.9696,Put,21,2026-02-27T16:30:00-06:00,7,"1.60 x 57","1.80 x 652",1.7,200,mid,34000,200,493,98.89%,-0.6161889623,MLET,N/A,"09:31:28 ET"
RCAT,12.885,Put,13,2026-02-27T16:30:00-06:00,7,"0.84 x 391","1.25 x 32",1.17,150,mid,17500,185,178,136.69%,-0.4798127001,MLET,N/A,"09:31:29 ET"
GME,23.705,Put,20,2026-03-20T16:30:00-05:00,28,"0.22 x 400","0.32 x 427",0.22,400,bid,8800,400,2024,54.60%,-0.1171676706,AUTO,N/A,"09:31:30 ET"
MSFT,395.68,Put,400,2026-02-20T16:30:00-06:00,0,"5.05 x 23","5.30 x 10",5.13,285,mid,146200,2264,9206,26.95%,-0.7781219857,SLAN,N/A,"09:31:31 ET"
OWL,10.64,Put,11,2026-03-20T16:30:00-05:00,28,"0.90 x 45","0.95 x 1",0.95,114,ask,10800,356,20064,61.88%,-0.5477248617,AUTO,N/A,"09:31:34 ET"
NVO,47.58,Put,50,2026-03-20T16:30:00-05:00,28,"3.65 x 524","3.80 x 74",3.72,142,mid,52800,202,33384,43.17%,-0.6372353773,MLET,N/A,"09:31:35 ET"
NOK,7.62,Call,8,2026-06-18T16:30:00-05:00,118,"0.59 x 5","0.60 x 28",0.6,125,ask,7500,390,24813,42.63%,0.47933959164061,AUTO,N/A,"09:31:35 ET"
MSTR,131.83,Put,122,2026-02-20T16:30:00-06:00,0,"0.14 x 11","0.18 x 2",0.18,550,ask,9900,591,1831,91.50%,-0.0489026513,MLAT,N/A,"09:31:36 ET"
NEM,124.42,Call,124,2026-02-20T16:30:00-06:00,0,"1.80 x 84","2.53 x 27",1.8,394,bid,70900,509,243,77.22%,0.54230046344412,AUTO,SellToOpen,"09:31:36 ET"
PFE,26.67,Put,23,2027-01-15T16:30:00-06:00,329,"1.05 x 894","1.14 x 500",1.14,500,ask,57000,500,36232,25.91%,-0.2505682273,AUTO,N/A,"09:31:37 ET"
XOM,150.07,Call,160,2026-03-20T16:30:00-05:00,28,"1.89 x 498","1.95 x 425",1.89,498,bid,94100,1029,11846,31.56%,0.247374020116,AUTO,N/A,"09:31:37 ET"
WBD,28.69,Call,31,2026-04-17T16:30:00-05:00,56,"0.36 x 4","0.41 x 250",0.41,250,ask,10200,250,27894,25.47%,0.25162669855672,AUTO,N/A,"09:31:38 ET"
PLTR,132.148,Call,140,2026-03-13T16:30:00-05:00,21,"3.55 x 220","3.65 x 222",3.65,222,ask,81000,359,1639,52.51%,0.35244967711383,AUTO,N/A,"09:31:40 ET"
OPEN,5.2125,Call,5,2026-02-20T16:30:00-06:00,0,"0.46 x 1379","0.47 x 64",0.46,967,bid,44400,6460,30752,118.95%,0.75990168147526,SLAN,N/A,"09:31:40 ET"
OXY,51.73,Call,80,2027-01-15T16:30:00-06:00,329,"1.02 x 200","1.19 x 1461",1.02,200,bid,20400,410,16342,35.05%,0.13426266282255,AUTO,N/A,"09:31:40 ET"
NOW,105.855,Call,112,2026-03-06T16:30:00-06:00,14,"1.75 x 1108","3.20 x 1202",2.34,300,mid,70200,300,41,55.84%,0.32685619278491,MLET,ToOpen,"09:31:42 ET"
NOW,105.855,Call,110,2026-02-27T16:30:00-06:00,7,"1.70 x 228","2.00 x 366",1.94,300,mid,58200,405,1654,58.08%,0.33405387952258,MLET,N/A,"09:31:42 ET"
OPEN,5.2125,Call,5,2026-02-20T16:30:00-06:00,0,"0.43 x 118","0.45 x 200",0.45,200,ask,9000,6460,30752,118.95%,0.75990168147526,AUTO,N/A,"09:31:43 ET"
WMT,122.565,Put,120,2026-03-20T16:30:00-05:00,28,"2.34 x 9","2.45 x 26",2.36,247,mid,58200,382,14262,27.91%,-0.3683385195,SLAN,N/A,"09:31:43 ET"
COIN,168.36,Call,170,2026-02-20T16:30:00-06:00,0,"1.06 x 10","1.25 x 1",1.2,300,mid,36000,1448,10455,65.62%,0.39573545968128,AUTO,N/A,"09:31:44 ET"
NVDA,187.72,Call,185,2026-02-20T16:30:00-06:00,0,"2.38 x 59","2.46 x 76",2.41,2000,mid,482000,5153,47756,25.76%,0.86531987973575,MLET,N/A,"09:31:44 ET"
TTD,25.13,Call,25,2026-02-27T16:30:00-06:00,7,"1.80 x 721","2.43 x 857",2.09,184,mid,38400,193,527,145.85%,0.55176550876124,MLET,N/A,"09:31:44 ET"
TTD,25.13,Call,25,2026-03-06T16:30:00-06:00,14,"2.01 x 985","2.65 x 871",2.35,184,mid,43200,193,557,116.08%,0.55670532041059,MLET,N/A,"09:31:44 ET"
NKE,65.5393,Call,69,2026-02-27T16:30:00-06:00,7,"0.21 x 599","0.52 x 772",0.41,830,mid,34000,1001,674,41.34%,0.19306060326611,SLAN,N/A,"09:31:44 ET"
OPEN,5.2125,Call,5.5,2026-02-27T16:30:00-06:00,7,"0.26 x 762","0.28 x 220",0.28,220,ask,6100,1191,7235,98.15%,0.37373561612965,AUTO,N/A,"09:31:46 ET"
TSLA,407.865,Call,500,2026-04-02T16:30:00-05:00,41,"2.19 x 1","2.32 x 112",2.18,855,bid,186300,7645,9580,41.14%,0.084090277671367,SLAN,N/A,"09:31:47 ET"
AUR,4.7414,Put,4,2026-09-18T16:30:00-05:00,210,"0.45 x 4875","0.65 x 8198",0.6,4000,mid,240000,4840,4855,73.70%,-0.270221304,AUTO,N/A,"09:31:49 ET"
FSLY,18.6693,Call,20,2026-03-06T16:30:00-06:00,14,"0.55 x 1698","1.10 x 1734",0.55,130,bid,7100,307,3676,82.56%,0.36827893916675,AUTO,N/A,"09:31:49 ET"
CIFR,15.73,Call,21,2026-03-20T16:30:00-05:00,28,"0.60 x 131","0.60 x 200",0.6,200,ask,12000,400,19960,116.67%,0.23450687454696,AUTO,N/A,"09:31:49 ET"
OWL,10.64,Put,10,2026-02-20T16:30:00-06:00,0,"0.05 x 997","0.15 x 2863",0.15,3551,ask,53200,12476,1978,181.85%,-0.2411040736,ISOI,N/A,"09:31:51 ET"
AAPL,259.32,Call,262.5,2026-02-20T16:30:00-06:00,0,"0.23 x 434","0.24 x 7",0.23,434,bid,9900,3842,8078,23.50%,0.16231118474094,AUTO,N/A,"09:31:51 ET"
RIVN,15.255,Call,15.5,2026-02-20T16:30:00-06:00,0,"0.10 x 1237","0.11 x 1170",0.1,1237,bid,12300,1760,3918,65.77%,0.3276884199797,AUTO,N/A,"09:31:56 ET"
AEM,226.03,Call,240,2026-03-20T16:30:00-05:00,28,"7.00 x 140","7.50 x 38",7,140,bid,98000,140,277,49.03%,0.36028289445201,AUTO,N/A,"09:31:56 ET"
ALAB,130.52,Call,132,2026-02-27T16:30:00-06:00,7,"5.25 x 335","6.95 x 139",6.4,200,mid,128000,200,379,97.64%,0.49575714035525,AUTO,N/A,"09:31:57 ET"
GOOGL,306.93,Call,310,2026-02-20T16:30:00-06:00,0,"0.65 x 5","0.69 x 50",0.64,207,bid,13200,7814,12630,29.64%,0.26346469563317,SLAI,N/A,"09:31:57 ET"
FLO,9.96,Put,10,2026-03-20T16:30:00-05:00,28,"0.60 x 192","0.75 x 129",0.6,299,bid,17900,350,2236,50.79%,-0.4924485143,AUTO,N/A,"09:31:57 ET"
NOK,7.62,Call,8,2026-06-18T16:30:00-05:00,118,"0.60 x 814","0.61 x 2",0.6,132,bid,7900,390,24813,42.63%,0.47933959164061,AUTO,N/A,"09:31:58 ET"
HPQ,18.41,Put,18.5,2026-02-27T16:30:00-06:00,7,"0.68 x 22","1.10 x 297",0.87,380,mid,33000,382,1095,80.48%,-0.4964616799,AUTO,N/A,"09:32:00 ET"
AUR,4.7414,Put,3,2026-09-18T16:30:00-05:00,210,"0.05 x 7175","0.45 x 8151",0.25,4422,mid,110500,4500,4503,77.15%,-0.1345666404,AUTO,N/A,"09:32:01 ET"
HOOD,77.16,Call,80,2026-03-20T16:30:00-05:00,28,"4.05 x 1192","4.40 x 10",4.4,200,ask,88000,307,6426,66.00%,0.46370286095111,AUTO,N/A,"09:32:02 ET"
IREN,42.8599,Call,46,2026-02-27T16:30:00-06:00,7,"1.30 x 102","1.31 x 857",1.3,338,bid,43900,591,1767,103.98%,0.33935018175307,AUTO,N/A,"09:32:02 ET"
HTZ,4.5101,Put,4.5,2026-02-20T16:30:00-06:00,0,"0.09 x 145","0.10 x 860",0.1,860,ask,8600,903,6331,112.64%,-0.4725084694,AUTO,N/A,"09:32:02 ET"
IREN,42.8599,Call,46,2026-02-27T16:30:00-06:00,7,"1.05 x 1","1.30 x 857",1.29,112,mid,14400,591,1767,103.98%,0.33935018175307,SLAN,N/A,"09:32:02 ET"
GOOGL,306.93,Call,310,2026-02-20T16:30:00-06:00,0,"0.63 x 62","0.66 x 2",0.63,244,bid,15300,7814,12630,29.64%,0.26346469563317,SLAI,N/A,"09:32:02 ET"
GOOG,307.455,Call,310,2026-02-20T16:30:00-06:00,0,"0.75 x 138","0.79 x 1",0.75,132,bid,9900,4026,7484,31.99%,0.31481122501156,SLAN,N/A,"09:32:03 ET"
GOOG,307.455,Call,350,2026-03-27T16:30:00-05:00,35,"1.24 x 18","1.31 x 1",1.25,200,mid,25000,215,696,30.75%,0.1004025903583,AUTO,N/A,"09:32:05 ET"
UAL,109.28,Call,130,2026-06-18T16:30:00-05:00,118,"5.70 x 544","6.75 x 542",6.2,1000,mid,620000,1000,5427,54.81%,0.3252010813512,SLFT,N/A,"09:32:06 ET"
LUNR,17.6765,Put,5,2028-01-21T16:30:00-06:00,700,"0.92 x 983","1.00 x 799",1,799,ask,79900,800,406,100.41%,-0.0502846129,AUTO,BuyToOpen,"09:32:06 ET"
OPEN,5.2125,Call,5,2026-03-20T16:30:00-05:00,28,"0.66 x 1341","0.70 x 375",0.7,375,ask,26200,1332,9881,85.10%,0.62031667793324,AUTO,N/A,"09:32:06 ET"
C,115.08,Put,110,2026-03-20T16:30:00-05:00,28,"2.20 x 214","2.77 x 98",2.27,1000,mid,227000,1007,15638,37.42%,-0.3090291274,SLFT,N/A,"09:32:07 ET"
HAL,35.48,Call,35.5,2026-02-20T16:30:00-06:00,0,"0.16 x 987","0.34 x 4",0.34,1187,ask,40300,1214,3565,48.82%,0.49690920555147,AUTO,N/A,"09:32:07 ET"
MSTR,131.83,Call,135,2026-02-20T16:30:00-06:00,0,"0.85 x 1","0.93 x 59",0.85,493,bid,41900,983,13010,78.60%,0.28806154044416,AUTO,N/A,"09:32:11 ET"
LMND,58.9,Put,61,2026-02-27T16:30:00-06:00,7,"2.95 x 385","5.80 x 284",2.9,221,bid,64000,300,434,98.70%,-0.5730762976,AUTO,N/A,"09:32:11 ET"
OPEN,5.2125,Call,4,2026-02-20T16:30:00-06:00,0,"1.31 x 31","1.35 x 4",1.31,212,bid,27700,281,2846,0.00%,0,AUTO,N/A,"09:32:12 ET"
M,22.14,Put,22,2026-02-20T16:30:00-06:00,0,"0.07 x 324","0.63 x 510",0.45,5436,mid,244600,5490,882,56.64%,-0.4087820379,SLFT,ToOpen,"09:32:15 ET"
INTC,43.63,Put,43.5,2026-02-20T16:30:00-06:00,0,"0.37 x 1609","0.43 x 695",0.43,695,ask,29800,1039,3815,59.10%,-0.4544587335,AUTO,N/A,"09:32:15 ET"
MSTR,131.83,Call,130,2026-02-27T16:30:00-06:00,7,"6.70 x 1","7.00 x 500",7,500,ask,350000,1144,24460,85.00%,0.57281958298316,AUTO,N/A,"09:32:16 ET"
PLTR,132.148,Call,146,2026-02-27T16:30:00-06:00,7,"0.50 x 400","0.52 x 174",0.5,400,bid,20000,453,1841,54.33%,0.10061867163545,AUTO,N/A,"09:32:16 ET"
PBR,15.71,Call,20,2026-07-17T16:30:00-05:00,147,"0.25 x 976","0.28 x 2111",0.25,976,bid,24400,1000,6617,34.28%,0.15376670843868,AUTO,N/A,"09:32:17 ET"
TSLA,407.865,Call,500,2026-04-02T16:30:00-05:00,41,"2.12 x 91","2.21 x 53",2.14,1000,mid,214000,7645,9580,41.14%,0.084090277671367,SLAN,N/A,"09:32:18 ET"
GOOG,307.455,Call,322.5,2026-02-27T16:30:00-06:00,7,"0.96 x 201","1.00 x 400",1,400,ask,40000,767,427,32.12%,0.14976267125651,AUTO,N/A,"09:32:19 ET"
CELH,47.075,Call,39,2026-03-06T16:30:00-06:00,14,"9.45 x 121","9.50 x 10",9.5,480,ask,456000,1480,16123,127.36%,0.81187826800992,AUTO,N/A,"09:32:20 ET"
OWL,10.64,Put,10,2026-03-20T16:30:00-05:00,28,"0.50 x 584","0.55 x 49",0.55,249,ask,13600,941,14447,72.02%,-0.3447975458,AUTO,N/A,"09:32:21 ET"
AVGO,332.94,Put,332.5,2026-02-23T16:30:00-06:00,3,"5.20 x 12","5.20 x 1",5.15,120,bid,61800,219,162,42.40%,-0.4766081106,AUTO,N/A,"09:32:22 ET"
OPEN,5.2125,Call,6,2026-04-17T16:30:00-05:00,56,"0.50 x 289","0.53 x 508",0.5,289,bid,14400,581,62,88.59%,0.41463898688451,AUTO,N/A,"09:32:22 ET"
AVGO,332.94,Put,325,2026-02-25T16:30:00-06:00,5,"4.70 x 1","5.25 x 61",4.7,116,bid,54500,131,22,53.10%,-0.3354043421,AUTO,SellToOpen,"09:32:22 ET"
MSTR,131.83,Put,100,2026-03-06T16:30:00-06:00,14,"0.98 x 691","1.00 x 300",1,300,ask,30000,302,8455,106.07%,-0.0748752791,AUTO,N/A,"09:32:23 ET"
GRAL,49.4,Put,75,2026-02-20T16:30:00-06:00,0,"24.30 x 38","27.20 x 6",24.3,194,bid,471400,272,271,550.53%,-0.9060425503,AUTO,N/A,"09:32:24 ET"
OWL,10.64,Put,11,2026-03-20T16:30:00-05:00,28,"0.90 x 1427","1.00 x 100",1,150,ask,15000,356,20064,61.88%,-0.5477248617,ISOI,N/A,"09:32:24 ET"
HIMS,15.8301,Call,16,2026-02-27T16:30:00-06:00,7,"1.10 x 10","1.11 x 475",1.11,475,ask,52700,524,3952,143.34%,0.5195311063829,AUTO,N/A,"09:32:26 ET"
SOFI,19.08,Put,17,2026-02-27T16:30:00-06:00,7,"0.14 x 1091","0.16 x 772",0.14,489,bid,6800,503,1973,77.97%,-0.1294520173,SLAN,N/A,"09:32:26 ET"
NVO,47.58,Call,46.5,2026-02-20T16:30:00-06:00,0,"1.11 x 65","1.45 x 98",1.27,138,mid,17500,559,760,59.06%,0.77745837933032,MLET,N/A,"09:32:29 ET"
NVO,47.58,Call,47,2026-02-20T16:30:00-06:00,0,"0.68 x 38","1.02 x 163",0.86,138,mid,11800,559,2390,52.96%,0.67708348571975,MLET,N/A,"09:32:29 ET"
COIN,168.36,Put,150,2026-02-27T16:30:00-06:00,7,"1.51 x 575","1.68 x 128",1.58,189,mid,29800,424,1377,82.03%,-0.1403165834,SLAN,N/A,"09:32:30 ET"
MRNA,49.5351,Call,50,2026-02-20T16:30:00-06:00,0,"0.53 x 400","0.62 x 283",0.53,400,bid,21200,487,3378,68.47%,0.40437046661183,AUTO,N/A,"09:32:31 ET"
OPEN,5.2125,Call,5.5,2026-02-27T16:30:00-06:00,7,"0.19 x 300","0.22 x 5",0.22,241,ask,5300,1191,7235,98.15%,0.37373561612965,AUTO,N/A,"09:32:33 ET"
SOFI,19.08,Put,25,2027-01-15T16:30:00-06:00,329,"7.45 x 3129","8.80 x 2933",8.03,220,mid,176600,220,15291,60.80%,-0.5686198331,MLAT,N/A,"09:32:35 ET"
SOFI,19.08,Call,45,2027-01-15T16:30:00-06:00,329,"0.70 x 1","1.22 x 4547",0.94,220,mid,20600,220,6390,69.81%,0.18029404165396,MLAT,N/A,"09:32:35 ET"
MSFT,395.68,Call,450,2026-03-20T16:30:00-05:00,28,"0.90 x 176","0.95 x 355",0.96,708,ask,67900,1142,24049,29.84%,0.068089619826315,ISOI,N/A,"09:32:36 ET"
GOSS,2.0795,Put,2,2026-03-20T16:30:00-05:00,28,"1.20 x 5","1.25 x 1",1.24,1999,mid,247800,2037,55565,646.19%,-0.1794348646,MLET,N/A,"09:32:37 ET"
GOSS,2.0795,Put,2,2026-02-20T16:30:00-06:00,0,"0.05 x 31","0.20 x 117",0.1,1999,mid,19900,2007,32000,322.43%,-0.3756337583,MLET,N/A,"09:32:37 ET"
OXY,51.73,Put,50,2026-02-27T16:30:00-06:00,7,"0.50 x 200","0.79 x 1590",0.5,200,bid,10000,213,560,41.72%,-0.2665806911,AUTO,N/A,"09:32:37 ET"
GOOG,307.455,Call,322.5,2026-02-27T16:30:00-06:00,7,"0.99 x 460","1.03 x 200",1.03,200,ask,20600,767,427,32.12%,0.14976267125651,AUTO,N/A,"09:32:37 ET"
COIN,168.36,Put,150,2026-02-27T16:30:00-06:00,7,"1.27 x 442","1.63 x 709",1.45,122,mid,17600,424,1377,82.03%,-0.1403165834,SLAN,N/A,"09:32:38 ET"
ONDS,11.02,Call,12.5,2026-03-06T16:30:00-06:00,14,"0.55 x 3256","0.84 x 1883",0.55,227,bid,12400,931,2572,124.03%,0.34764765394037,AUTO,N/A,"09:32:39 ET"
TSLA,407.865,Call,500,2026-04-02T16:30:00-05:00,41,"2.13 x 2601","2.21 x 51",2.13,493,bid,105000,7645,9580,41.14%,0.084090277671367,AUTO,N/A,"09:32:40 ET"
OPEN,5.2125,Call,4.5,2026-02-20T16:30:00-06:00,0,"0.75 x 157","0.80 x 103",0.75,253,bid,18900,1639,11931,0.00%,0,AUTO,N/A,"09:32:41 ET"
NVDA,187.72,Put,185,2026-02-20T16:30:00-06:00,0,"0.50 x 5","0.51 x 164",0.5,9899,bid,494900,13760,50806,34.93%,-0.2066169611,AUTO,N/A,"09:32:41 ET"
RDDT,146.44,Call,165,2026-03-20T16:30:00-05:00,28,"3.95 x 1308","5.55 x 163",4.96,144,mid,71400,241,2892,68.99%,0.3034564375221,SLAN,N/A,"09:32:42 ET"
NOC,730.87,Call,760,2026-03-20T16:30:00-05:00,28,"12.70 x 11","17.40 x 42",14.92,110,mid,164100,110,93,32.25%,0.35445041914133,SLAN,ToOpen,"09:32:44 ET"
FIVN,17.68,Call,17.5,2026-02-20T16:30:00-06:00,0,"0.50 x 222","0.70 x 12",0.5,150,bid,7500,230,1228,172.85%,0.56354269580031,AUTO,N/A,"09:32:45 ET"
INTC,43.63,Put,45,2026-02-20T16:30:00-06:00,0,"1.47 x 139","1.49 x 50",1.49,250,ask,37200,434,24070,64.33%,-0.8178662664,AUTO,N/A,"09:32:46 ET"
MSFT,395.68,Call,400,2026-02-20T16:30:00-06:00,0,"0.57 x 3","0.62 x 126",0.6,300,mid,18000,2234,17964,24.33%,0.19852857435754,SLAN,N/A,"09:32:46 ET"
HOOD,77.16,Call,73,2026-02-20T16:30:00-06:00,0,"4.15 x 238","4.15 x 48",4.15,168,ask,69700,223,3422,71.51%,0.93484182899518,AUTO,N/A,"09:32:48 ET"
EQX,17.455,Call,17.5,2026-02-20T16:30:00-06:00,0,"0.40 x 200","0.40 x 324",0.4,200,ask,8000,352,7109,88.67%,0.48774372042106,AUTO,N/A,"09:32:48 ET"
WMT,122.565,Put,125,2026-02-20T16:30:00-06:00,0,"2.21 x 33","2.28 x 392",2.28,392,ask,89300,2796,11863,32.16%,-0.8787939926,AUTO,N/A,"09:32:49 ET"
TTWO,198.575,Put,197.5,2026-02-20T16:30:00-06:00,0,"1.30 x 86","1.50 x 2",1.3,164,bid,21300,300,77,46.20%,-0.4045317912,AUTO,N/A,"09:32:49 ET"
HL,23.48,Call,28,2026-03-20T16:30:00-05:00,28,"0.76 x 2760","1.03 x 5699",0.89,200,mid,17800,209,18403,88.85%,0.2805052601356,SLAN,N/A,"09:32:49 ET"
TTWO,198.575,Put,197.5,2026-02-20T16:30:00-06:00,0,"1.00 x 1","1.50 x 52",1.4,130,mid,18200,300,77,46.20%,-0.4045317912,AUTO,N/A,"09:32:50 ET"
SOUN,7.74,Call,9.5,2026-02-27T16:30:00-06:00,7,"0.05 x 3523","0.15 x 2283",0.15,1262,ask,18900,1301,1653,149.06%,0.18779702827473,AUTO,N/A,"09:32:50 ET"
OPEN,5.2125,Call,5.5,2026-03-06T16:30:00-06:00,14,"0.29 x 114","0.33 x 554",0.3,300,mid,9000,413,5269,96.92%,0.4283325937796,AUTO,N/A,"09:32:51 ET"
SEM,15.15,Put,15,2026-06-18T16:30:00-05:00,118,"0.10 x 10","0.75 x 1",0.6,999,mid,59900,1000,46,20.94%,-0.4257614049,AUTO,ToOpen,"09:32:52 ET"
KLAR,13.39,Call,20,2026-03-20T16:30:00-05:00,28,"0.10 x 1415","0.20 x 82",0.15,400,mid,6000,437,5881,99.78%,0.096191583913944,SLAN,N/A,"09:32:52 ET"
KTOS,103.15,Call,105,2026-02-20T16:30:00-06:00,0,"1.10 x 68","1.95 x 35",1.33,128,mid,17000,212,1270,98.49%,0.37451861749936,AUTO,N/A,"09:32:52 ET"
TSM,361.585,Call,310,2026-04-17T16:30:00-05:00,56,"59.00 x 28","60.00 x 82",60,150,ask,900000,150,1775,48.21%,0.82400755441927,AUTO,N/A,"09:32:53 ET"
PYPL,41.975,Call,40.5,2026-02-20T16:30:00-06:00,0,"1.32 x 219","1.40 x 200",1.4,200,ask,28000,256,4815,0.00%,0,AUTO,N/A,"09:32:53 ET"
GOOGL,306.93,Put,305,2026-02-23T16:30:00-06:00,3,"2.03 x 63","2.10 x 50",2.1,250,ask,52500,269,280,27.08%,-0.3902372279,AUTO,N/A,"09:32:54 ET"
NKE,65.5393,Put,64,2026-02-27T16:30:00-06:00,7,"0.77 x 693","0.96 x 1618",0.88,101,mid,8800,999,452,44.37%,-0.3368485655,SLAN,N/A,"09:32:55 ET"
NKE,65.5393,Put,64,2026-02-27T16:30:00-06:00,7,"0.77 x 784","0.96 x 1605",0.93,843,mid,78300,999,452,44.37%,-0.3368485655,SLAN,ToOpen,"09:32:55 ET"
AMZN,206.1289,Put,180,2026-03-20T16:30:00-05:00,28,"1.22 x 105","1.23 x 24",1.22,531,bid,64700,1215,17605,40.81%,-0.1005934095,ISOI,N/A,"09:32:55 ET"
AMZN,206.1289,Call,207.5,2026-02-20T16:30:00-06:00,0,"0.52 x 54","0.55 x 161",0.54,700,mid,37800,8623,25773,29.18%,0.33608220002108,SLAN,N/A,"09:32:57 ET"
BRK.B,494.7,Call,515,2026-02-27T16:30:00-06:00,7,"0.31 x 280","0.52 x 245",0.31,399,bid,12300,400,806,18.09%,0.058810086119872,AUTO,N/A,"09:32:57 ET"
SNDK,638.06,Put,565,2026-02-20T16:30:00-06:00,0,"0.15 x 142","0.20 x 46",0.2,396,ask,7900,514,683,109.61%,-0.01519492,AUTO,N/A,"09:32:58 ET"
NVDA,187.72,Call,187.5,2026-02-23T16:30:00-06:00,3,"2.07 x 129","2.12 x 19",2.1,1020,mid,214200,2116,9914,30.21%,0.52686054616715,AUTO,N/A,"09:32:59 ET"
SOFI,19.08,Call,19,2026-03-06T16:30:00-06:00,14,"0.95 x 480","1.00 x 998",0.98,200,mid,19600,202,1394,62.32%,0.54256371682643,AUTO,N/A,"09:32:59 ET"
SO,95.72,Call,95,2026-02-20T16:30:00-06:00,0,"0.50 x 279","1.00 x 1",0.9,200,mid,18000,215,1407,28.73%,0.69645197783894,AUTO,N/A,"09:33:01 ET"
AVGO,332.94,Call,335,2026-02-20T16:30:00-06:00,0,"1.90 x 381","2.45 x 637",2.23,200,mid,44600,524,2600,48.24%,0.40883181188822,SLAN,N/A,"09:33:02 ET"
HOOD,77.16,Call,77,2026-02-20T16:30:00-06:00,0,"0.98 x 188","1.01 x 63",0.98,188,bid,18400,1572,7999,61.59%,0.53345034908012,AUTO,N/A,"09:33:03 ET"
CVNA,327.06,Put,320,2026-02-20T16:30:00-06:00,0,"3.95 x 500","4.25 x 1",3.95,500,bid,197500,594,1209,103.28%,-0.3317293218,AUTO,N/A,"09:33:03 ET"
XP,21.79,Call,22,2026-03-20T16:30:00-05:00,28,"0.90 x 71","1.05 x 7",0.95,150,mid,14200,177,20402,44.72%,0.49364311505347,AUTO,N/A,"09:33:05 ET"
UNH,289.68,Call,290,2026-02-20T16:30:00-06:00,0,"1.61 x 38","2.06 x 298",1.85,150,mid,27700,237,3223,30.68%,0.47595308626769,SLFT,N/A,"09:33:06 ET"
OPEN,5.2125,Call,5,2026-11-20T16:30:00-06:00,273,"1.68 x 10408","1.86 x 192",1.68,169,bid,28300,193,1817,88.47%,0.68159174641281,AUTO,N/A,"09:33:06 ET"
HOOD,77.16,Put,72,2026-02-27T16:30:00-06:00,7,"1.08 x 17","1.27 x 1037",1.15,129,mid,14800,130,785,72.63%,-0.2282283896,AUTO,N/A,"09:33:07 ET"
CELH,47.5,Call,45,2026-02-20T16:30:00-06:00,0,"2.03 x 262","2.25 x 79",2.25,478,ask,107500,2294,10112,101.09%,0.85486396389531,AUTO,N/A,"09:33:09 ET"
SOFI,19.08,Call,19.5,2026-02-27T16:30:00-06:00,7,"0.44 x 1312","0.48 x 2515",0.48,357,ask,17100,437,1853,62.30%,0.4202817936947,SLAN,N/A,"09:33:09 ET"
GRAL,49.4,Call,50,2026-02-20T16:30:00-06:00,0,"2.90 x 195","2.95 x 29",2.95,195,ask,57500,360,90,314.76%,0.50340894129159,AUTO,N/A,"09:33:09 ET"
VNDA,5.87,Call,7,2026-03-20T16:30:00-05:00,28,"0.35 x 105","0.55 x 468",0.45,220,mid,9900,312,4973,132.33%,0.386072110984,SLAN,N/A,"09:33:09 ET"
RIOT,16.69,Put,16,2026-02-27T16:30:00-06:00,7,"0.74 x 174","0.80 x 3630",0.74,250,bid,18500,550,2046,94.77%,-0.347569686,AUTO,N/A,"09:33:09 ET"
OXY,51.73,Call,65,2026-06-18T16:30:00-05:00,118,"0.79 x 6","0.84 x 250",0.84,250,ask,21000,1105,1982,36.18%,0.1630892826119,AUTO,N/A,"09:33:10 ET"
GAP,28.335,Call,29,2026-02-27T16:30:00-06:00,7,"0.60 x 166","0.75 x 119",0.6,166,bid,9900,224,223,56.92%,0.40047610420347,AUTO,N/A,"09:33:10 ET"
HOOD,77.16,Call,80,2026-02-27T16:30:00-06:00,7,"1.50 x 21","1.65 x 40",1.65,225,ask,37100,400,4423,65.16%,0.36401486423511,AUTO,N/A,"09:33:11 ET"
INTC,43.445,Call,43,2026-02-20T16:30:00-06:00,0,"0.83 x 396","0.86 x 706",0.83,396,bid,32800,838,12048,49.15%,0.66223537872041,AUTO,N/A,"09:33:11 ET"
BTG,5.225,Call,5.5,2026-05-15T16:30:00-05:00,84,"0.50 x 1680","0.50 x 5",0.5,143,ask,7100,2000,15545,60.56%,0.49268855400472,AUTO,N/A,"09:33:12 ET"
RBLX,61.02,Put,63,2026-02-20T16:30:00-06:00,0,"0.50 x 802","1.79 x 260",1.29,200,mid,25800,726,1538,36.96%,-0.9516881394,SLAN,N/A,"09:33:14 ET"
NVO,47.4,Put,50,2026-03-20T16:30:00-05:00,28,"3.65 x 108","3.80 x 159",3.71,146,mid,54100,1307,33384,43.46%,-0.6478127031,MLET,N/A,"09:33:15 ET"
WMT,122.565,Put,122,2026-02-20T16:30:00-06:00,0,"0.53 x 551","0.60 x 434",0.6,434,ask,26000,611,2358,32.97%,-0.3888953981,AUTO,N/A,"09:33:16 ET"
INFY,14.66,Put,15,2026-02-20T16:30:00-06:00,0,"0.30 x 26","0.50 x 193",0.35,150,mid,5200,153,588,31.80%,-0.9165508032,AUTO,N/A,"09:33:17 ET"
OPEN,5.38,Call,4,2026-02-20T16:30:00-06:00,0,"1.16 x 307","1.20 x 60",1.2,290,ask,34800,823,2846,417.68%,0.92985426558226,AUTO,N/A,"09:33:18 ET"
OWL,10.7799,Put,11,2026-02-27T16:30:00-06:00,7,"0.65 x 82","0.70 x 405",0.7,244,ask,17000,1797,2576,92.93%,-0.5387076818,AUTO,N/A,"09:33:18 ET"
GFI,53.79,Call,50,2026-03-20T16:30:00-05:00,28,"6.10 x 200","7.60 x 80",6.1,200,bid,122000,201,524,61.39%,0.69740324106322,AUTO,N/A,"09:33:19 ET"
OWL,10.7799,Put,11,2026-02-27T16:30:00-06:00,7,"0.65 x 381","0.70 x 875",0.7,244,ask,17000,1797,2576,92.93%,-0.5387076818,AUTO,N/A,"09:33:20 ET"
PYPL,42.0769,Call,41,2026-02-20T16:30:00-06:00,0,"0.94 x 83","0.94 x 200",0.94,200,ask,18800,252,2586,28.89%,0.95891438239054,AUTO,N/A,"09:33:21 ET"
OWL,10.7799,Put,11,2026-02-27T16:30:00-06:00,7,"0.65 x 485","0.70 x 405",0.7,108,ask,7500,1797,2576,92.93%,-0.5387076818,AUTO,N/A,"09:33:22 ET"
MARA,7.985,Put,8,2026-02-20T16:30:00-06:00,0,"0.22 x 899","0.24 x 27",0.22,977,bid,21400,1601,15692,86.16%,-0.507079548,AUTO,N/A,"09:33:24 ET"
OWL,10.7799,Put,11,2026-02-27T16:30:00-06:00,7,"0.65 x 542","0.80 x 1678",0.8,176,ask,14000,1797,2576,92.93%,-0.5387076818,AUTO,N/A,"09:33:24 ET"
INTC,43.445,Call,46,2026-03-06T16:30:00-06:00,14,"1.11 x 400","1.23 x 2409",1.11,400,bid,44400,476,669,59.58%,0.33591620046396,AUTO,N/A,"09:33:26 ET"
SMCI,31.75,Put,31.5,2026-02-20T16:30:00-06:00,0,"0.29 x 11","0.38 x 747",0.33,400,mid,13200,753,1681,63.19%,-0.3975158446,AUTO,N/A,"09:33:30 ET"
BABA,152,Call,170,2026-03-13T16:30:00-05:00,21,"1.80 x 195","2.14 x 400",1.8,187,bid,33600,201,3320,50.95%,0.19755633412685,AUTO,N/A,"09:33:31 ET"
GME,23.76,Call,50,2026-10-16T16:30:00-05:00,238,"0.90 x 20","1.22 x 180",1.24,117,ask,14500,192,5009,75.50%,0.16744985331373,AUTO,N/A,"09:33:33 ET"
CVNA,322.92,Put,325,2026-02-20T16:30:00-06:00,0,"4.00 x 1","5.60 x 59",4.96,654,mid,324300,2362,5854,82.11%,-0.5506662782,SLAN,N/A,"09:33:33 ET"
CVNA,322.92,Put,325,2026-02-20T16:30:00-06:00,0,"4.00 x 1","5.60 x 59",4.67,280,mid,130700,2362,5854,82.11%,-0.5506662782,SLAN,N/A,"09:33:33 ET"
GRAL,52.9793,Call,50,2026-02-20T16:30:00-06:00,0,"2.55 x 113","2.60 x 1",2.6,113,ask,29300,687,90,202.30%,0.72713794441669,AUTO,N/A,"09:33:36 ET"
AG,25.28,Call,26,2026-04-17T16:30:00-05:00,56,"3.00 x 2000","3.40 x 1836",3,2000,bid,600000,5662,8571,82.46%,0.53650101082275,AUTO,N/A,"09:33:37 ET"
SOFI,18.84,Call,19,2026-02-27T16:30:00-06:00,7,"0.71 x 463","0.75 x 1722",0.71,463,bid,32800,1312,731,65.18%,0.48371561399507,AUTO,N/A,"09:33:38 ET"
LMND,58.46,Put,50,2028-01-21T16:30:00-06:00,700,"16.20 x 637","17.90 x 40",17,200,mid,340000,200,234,79.76%,-0.2336113432,SLFT,N/A,"09:33:39 ET"
AMD,201.33,Call,200,2026-02-20T16:30:00-06:00,0,"2.65 x 254","2.72 x 10",2.65,254,bid,67300,2140,7117,44.41%,0.61907252031487,AUTO,N/A,"09:33:42 ET"
PANW,153.32,Call,155,2026-02-27T16:30:00-06:00,7,"2.32 x 503","2.60 x 101",2.6,101,ask,26200,509,1539,40.52%,0.43890214885002,AUTO,N/A,"09:33:42 ET"
WMT,122.28,Put,105,2026-03-20T16:30:00-05:00,28,"0.27 x 348","0.36 x 90",0.34,176,mid,5900,622,6395,36.64%,-0.0579188164,MLAT,N/A,"09:33:43 ET"
OXY,51.485,Call,65,2026-06-18T16:30:00-05:00,118,"0.84 x 249","0.95 x 1087",0.84,249,bid,20900,2355,1982,36.74%,0.16188001895537,AUTO,N/A,"09:33:45 ET"
HL,23.095,Call,28,2026-09-18T16:30:00-05:00,210,"4.45 x 1","4.95 x 3274",4.7,255,mid,119800,301,445,85.24%,0.52243111647286,SLAN,N/A,"09:33:45 ET"
CELH,47.5,Call,45,2026-02-20T16:30:00-06:00,0,"2.07 x 137","2.30 x 100",2.3,299,ask,68700,2294,10112,101.09%,0.85486396389531,ISOI,N/A,"09:33:47 ET"
FIG,26.7239,Call,26.5,2026-02-20T16:30:00-06:00,0,"0.38 x 146","0.71 x 621",0.5,120,mid,6000,227,1681,121.61%,0.56604797205812,AUTO,N/A,"09:33:48 ET"
U,18.1699,Call,26,2026-04-17T16:30:00-05:00,56,"0.33 x 2031","0.44 x 199",0.44,199,ask,8700,200,449,80.02%,0.16641561983869,AUTO,N/A,"09:33:48 ET"
MSTR,131.96,Put,122,2026-02-20T16:30:00-06:00,0,"0.11 x 61","0.12 x 1",0.11,500,bid,5500,1133,1831,87.75%,-0.0404061611,MLAT,N/A,"09:33:48 ET"
ONDS,11.105,Put,10,2026-02-27T16:30:00-06:00,7,"0.29 x 706","0.34 x 4",0.34,250,ask,8500,293,4493,121.36%,-0.2384211661,SLAN,N/A,"09:33:49 ET"
FIVN,18.235,Put,17.5,2026-02-20T16:30:00-06:00,0,"0.20 x 52","0.50 x 29",0.35,175,mid,6100,209,4306,176.48%,-0.310121913,AUTO,N/A,"09:33:49 ET"
NVDA,188.0301,Call,192.5,2026-02-20T16:30:00-06:00,0,"0.07 x 601","0.08 x 542",0.07,2000,bid,14000,7673,70535,30.25%,0.069350261616327,SLAN,N/A,"09:33:49 ET"
AES,16.1797,Call,16,2026-02-20T16:30:00-06:00,0,"0.30 x 180","0.78 x 193",0.3,180,bid,5400,231,9610,75.00%,0.62006071522451,AUTO,N/A,"09:33:50 ET"
AVGO,334.255,Put,330,2026-02-27T16:30:00-06:00,7,"8.25 x 24","9.05 x 651",8.25,107,bid,88200,172,1453,55.33%,-0.4162032629,AUTO,N/A,"09:33:52 ET"
SOFI,18.84,Put,19,2026-02-27T16:30:00-06:00,7,"0.60 x 1248","0.65 x 649",0.6,1471,bid,88200,2035,5538,60.60%,-0.5208694261,AUTO,N/A,"09:33:53 ET"
OWL,10.7799,Put,11,2026-03-20T16:30:00-05:00,28,"0.95 x 985","1.00 x 5",1,150,ask,15000,3059,20064,72.44%,-0.503749075,AUTO,N/A,"09:33:54 ET"
TSLA,409.375,Call,410,2026-02-23T16:30:00-06:00,3,"4.60 x 268","4.65 x 45",4.6,453,bid,208300,2358,1063,35.02%,0.49091848347984,AUTO,N/A,"09:33:55 ET"
TSM,362.89,Call,290,2026-04-17T16:30:00-05:00,56,"75.85 x 84","76.90 x 150",76.9,150,ask,1153500,150,873,51.25%,0.89165675556456,AUTO,N/A,"09:33:56 ET"
BAC,52.19,Call,52,2026-03-06T16:30:00-06:00,14,"1.34 x 336","1.48 x 424",1.34,132,bid,17600,284,1195,28.45%,0.5408808552569,AUTO,N/A,"09:33:56 ET"
BTG,5.225,Put,5,2026-03-20T16:30:00-05:00,28,"0.25 x 1918","0.30 x 15",0.25,510,bid,12700,551,28435,62.86%,-0.3637203786,ISOI,N/A,"09:33:59 ET"
CVNA,322.92,Put,325,2026-02-20T16:30:00-06:00,0,"5.00 x 1","6.35 x 22",5.97,992,mid,592200,2362,5854,82.11%,-0.5506662782,SLAN,N/A,"09:33:59 ET"
OPEN,5.38,Call,5,2026-02-20T16:30:00-06:00,0,"0.28 x 996","0.30 x 117",0.29,200,mid,5700,12856,30752,179.49%,0.79762747095631,SLAN,N/A,"09:34:00 ET"
WMT,122.28,Put,124,2026-02-27T16:30:00-06:00,7,"3.00 x 1","3.30 x 276",3.12,200,mid,62400,246,701,30.04%,-0.6201105113,MLAT,N/A,"09:34:00 ET"
WMT,122.28,Put,127,2026-02-27T16:30:00-06:00,7,"5.00 x 104","5.45 x 117",5.27,200,mid,105400,239,1011,24.32%,-0.8666952998,MLAT,N/A,"09:34:00 ET"
CELH,47.5,Call,45,2026-02-20T16:30:00-06:00,0,"2.07 x 241","2.35 x 97",2.35,196,ask,46000,2294,10112,101.09%,0.85486396389531,AUTO,N/A,"09:34:02 ET"
NVDA,188.0301,Call,190,2026-02-20T16:30:00-06:00,0,"0.33 x 8","0.34 x 166",0.34,1990,ask,67600,23986,126339,26.79%,0.23120657004303,AUTO,N/A,"09:34:02 ET"
OPEN,5.38,Call,5,2026-02-20T16:30:00-06:00,0,"0.28 x 991","0.30 x 107",0.29,250,mid,7200,12856,30752,179.49%,0.79762747095631,SLAN,N/A,"09:34:03 ET"
OXY,51.485,Call,65,2026-06-18T16:30:00-05:00,118,"0.83 x 500","0.93 x 1064",0.83,500,bid,41500,2355,1982,36.74%,0.16188001895537,AUTO,N/A,"09:34:05 ET"
HOOD,77.305,Call,95,2026-04-17T16:30:00-05:00,56,"2.33 x 60","2.35 x 8",2.34,153,mid,35800,211,2413,64.36%,0.25171433335665,AUTO,N/A,"09:34:06 ET"
ORCL,151.4604,Call,152.5,2026-02-27T16:30:00-06:00,7,"5.50 x 30","5.75 x 1",5.5,350,bid,192500,909,209,62.24%,0.48746926162851,AUTO,N/A,"09:34:06 ET"
HUBS,237.57,Call,240,2026-02-20T16:30:00-06:00,0,"2.50 x 72","2.55 x 154",2.5,300,bid,75000,387,2034,74.96%,0.40542451058606,AUTO,N/A,"09:34:06 ET"
EGO,43.39,Call,50,2027-01-15T16:30:00-06:00,329,"6.20 x 1536","7.00 x 849",7,150,ask,105000,1000,308,54.27%,0.51647578225476,AUTO,N/A,"09:34:07 ET"
MU,424.0701,Call,395,2026-02-20T16:30:00-06:00,0,"28.00 x 363","29.95 x 22",28.88,500,mid,1444000,1025,2124,117.64%,0.88374479646144,MLET,N/A,"09:34:07 ET"
MU,424.0701,Call,400,2026-02-20T16:30:00-06:00,0,"23.10 x 313","25.00 x 1",24.11,500,mid,1205500,1240,11415,101.07%,0.87303670404499,MLET,N/A,"09:34:07 ET"
XOM,149.75,Call,160,2026-03-20T16:30:00-05:00,28,"1.77 x 500","1.85 x 94",1.77,500,bid,88500,2571,11846,31.31%,0.23776561132375,AUTO,N/A,"09:34:10 ET"
HOOD,77.305,Call,77,2026-02-20T16:30:00-06:00,0,"1.18 x 202","1.22 x 200",1.22,200,ask,24400,3697,7999,57.86%,0.55954018879889,AUTO,N/A,"09:34:11 ET"
SMCI,31.75,Call,33.5,2026-02-27T16:30:00-06:00,7,"0.62 x 389","0.69 x 2481",0.66,214,mid,14100,255,14437,74.43%,0.3219252807664,SLAN,N/A,"09:34:11 ET"
RBLX,61.02,Put,63,2026-02-20T16:30:00-06:00,0,"1.14 x 670","1.50 x 250",1.5,250,ask,37500,726,1538,36.96%,-0.9516881394,AUTO,N/A,"09:34:12 ET"
CELH,47.5,Call,45,2026-02-20T16:30:00-06:00,0,"2.12 x 101","2.35 x 99",2.35,498,ask,117000,2294,10112,101.09%,0.85486396389531,AUTO,N/A,"09:34:12 ET"
AG,25.28,Call,25,2027-01-15T16:30:00-06:00,329,"7.60 x 2591","8.10 x 200",8.1,200,ask,162000,354,12044,81.05%,0.66972285597751,AUTO,N/A,"09:34:13 ET"
MSTR,131.96,Put,126,2026-02-27T16:30:00-06:00,7,"3.35 x 765","3.85 x 59",3.59,1000,mid,359000,1025,380,83.41%,-0.3216413197,MLAT,ToOpen,"09:34:16 ET"
MSTR,131.96,Put,117,2026-02-27T16:30:00-06:00,7,"1.55 x 674","1.80 x 608",1.68,1000,mid,168000,1002,1148,97.61%,-0.1679145654,MLAT,N/A,"09:34:16 ET"
ORCL,151.4604,Put,150,2026-02-20T16:30:00-06:00,0,"0.80 x 246","0.94 x 511",0.84,248,mid,20800,2544,12891,50.81%,-0.3511168068,SLAN,N/A,"09:34:18 ET"
ORCL,151.4604,Put,150,2026-02-20T16:30:00-06:00,0,"0.80 x 246","0.94 x 511",0.87,752,mid,65400,2544,12891,50.81%,-0.3511168068,SLAN,N/A,"09:34:18 ET"
HAL,35.26,Put,34,2026-02-27T16:30:00-06:00,7,"0.30 x 250","0.52 x 1650",0.3,250,bid,7500,954,1842,43.10%,-0.2595335125,AUTO,N/A,"09:34:20 ET"
CVX,184.17,Call,200,2026-04-17T16:30:00-05:00,56,"2.55 x 5","2.60 x 56",2.6,116,ask,30100,213,12660,27.32%,0.23517980273805,AUTO,N/A,"09:34:21 ET"
HAL,35.26,Put,34,2026-02-27T16:30:00-06:00,7,"0.26 x 1","0.52 x 2163",0.31,249,mid,7700,954,1842,43.10%,-0.2595335125,SLAN,N/A,"09:34:21 ET"
OPEN,5.38,Call,4.5,2026-02-20T16:30:00-06:00,0,"0.71 x 290","0.74 x 200",0.74,200,ask,14800,2958,11931,261.81%,0.91647934299448,ISOI,N/A,"09:34:22 ET"
AAPL,259.555,Call,262.5,2026-02-20T16:30:00-06:00,0,"0.21 x 61","0.22 x 311",0.22,311,ask,6800,7060,8078,21.44%,0.15878645399487,AUTO,N/A,"09:34:24 ET"
ERO,30,Call,35,2026-05-15T16:30:00-05:00,84,"2.20 x 39","2.25 x 461",2.23,155,mid,34500,222,1133,68.06%,0.38867409444232,AUTO,N/A,"09:34:24 ET"
SNDK,638.97,Put,530,2026-02-27T16:30:00-06:00,7,"4.40 x 27","4.50 x 190",4.4,190,bid,83600,203,211,110.01%,-0.0954696813,AUTO,N/A,"09:34:24 ET"
INTC,43.445,Call,46,2026-02-27T16:30:00-06:00,7,"0.60 x 139","0.60 x 425",0.6,289,ask,17300,738,2520,61.19%,0.26546366607482,AUTO,N/A,"09:34:24 ET"
ONDS,11.105,Call,12,2026-02-27T16:30:00-06:00,7,"0.35 x 1","0.38 x 723",0.35,300,bid,10500,513,10845,119.75%,0.3518408478051,AUTO,N/A,"09:34:24 ET"
SOFI,18.84,Call,19,2026-02-27T16:30:00-06:00,7,"0.70 x 102","0.75 x 787",0.7,346,bid,24200,1312,731,65.18%,0.48371561399507,AUTO,N/A,"09:34:25 ET"
CVNA,322.92,Put,320,2026-02-20T16:30:00-06:00,0,"3.80 x 26","4.55 x 82",4.13,124,mid,51200,1157,1209,86.37%,-0.4103144758,SLAN,N/A,"09:34:25 ET"
XOM,149.75,Call,152.5,2026-02-20T16:30:00-06:00,0,"0.07 x 209","0.13 x 586",0.1,500,mid,5000,824,5978,24.81%,0.080304972457957,SLAN,N/A,"09:34:25 ET"
RDDT,146.535,Call,185,2026-03-20T16:30:00-05:00,28,"1.56 x 237","1.95 x 82",1.76,500,mid,88000,500,2681,69.23%,0.13453350633517,MLET,N/A,"09:34:26 ET"
RDDT,146.535,Call,155,2026-03-20T16:30:00-05:00,28,"7.45 x 239","8.75 x 681",8.05,447,mid,359800,500,2929,70.03%,0.42926871899234,MLET,N/A,"09:34:26 ET"
RDW,8.5,Put,11,2026-05-15T16:30:00-05:00,84,"3.60 x 933","3.80 x 638",3.6,314,bid,113000,315,271,119.29%,-0.5627236291,AUTO,SellToOpen,"09:34:26 ET"
GAU,2.98,Call,2.5,2026-02-20T16:30:00-06:00,0,"0.50 x 294","0.60 x 39",0.52,123,mid,6300,155,1936,307.11%,0.88122425850822,SLAN,N/A,"09:34:28 ET"
SMCI,31.75,Put,32,2026-02-20T16:30:00-06:00,0,"0.55 x 52","0.65 x 236",0.59,116,mid,6800,195,3704,62.77%,-0.5877934305,AUTO,N/A,"09:34:30 ET"
XOM,149.75,Call,160,2026-03-20T16:30:00-05:00,28,"1.80 x 500","1.85 x 383",1.8,500,bid,90000,2571,11846,31.31%,0.23776561132375,AUTO,N/A,"09:34:31 ET"
INTC,43.445,Call,44,2026-02-20T16:30:00-06:00,0,"0.29 x 1","0.30 x 1358",0.3,340,ask,10200,4500,12185,51.29%,0.32255778977293,SLAN,N/A,"09:34:32 ET"
MU,424.0701,Call,400,2026-02-27T16:30:00-06:00,7,"30.90 x 431","33.00 x 2",32.45,500,mid,1622500,527,3052,86.62%,0.7097952254884,MLAT,N/A,"09:34:33 ET"
MU,424.0701,Call,420,2026-02-20T16:30:00-06:00,0,"7.15 x 242","7.70 x 2",7.45,500,mid,372500,2590,9746,63.50%,0.62236966633444,MLAT,N/A,"09:34:33 ET"
JD,26.81,Put,25.5,2026-02-27T16:30:00-06:00,7,"0.12 x 786","0.18 x 1",0.12,998,bid,11900,1001,1722,37.57%,-0.1700766363,SLAN,N/A,"09:34:33 ET"
OWL,10.7799,Put,11,2026-03-20T16:30:00-05:00,28,"1.00 x 341","1.05 x 295",1.05,502,ask,52700,3059,20064,72.44%,-0.503749075,ISOI,N/A,"09:34:33 ET"
AMD,201.33,Call,202.5,2026-02-27T16:30:00-06:00,7,"5.80 x 2","5.85 x 350",5.85,350,ask,204700,836,1048,58.32%,0.49093148459107,AUTO,N/A,"09:34:33 ET"
MRVL,78.555,Call,75,2026-04-17T16:30:00-05:00,56,"10.00 x 115","10.45 x 380",10,115,bid,115000,125,1046,66.01%,0.62848714183405,AUTO,N/A,"09:34:33 ET"
PANW,153.32,Call,155,2026-02-27T16:30:00-06:00,7,"2.45 x 52","2.65 x 4",2.45,311,bid,76100,509,1539,40.52%,0.43890214885002,AUTO,N/A,"09:34:34 ET"
WMT,122.28,Put,127,2026-02-20T16:30:00-06:00,0,"4.60 x 100","4.80 x 67",4.71,180,mid,84700,388,7700,40.22%,-0.965032871,SLAN,N/A,"09:34:37 ET"
FF,4.18,Call,5,2026-03-20T16:30:00-05:00,28,"0.25 x 272","0.30 x 486",0.25,272,bid,6800,1007,14083,113.42%,0.33697553579194,AUTO,N/A,"09:34:38 ET"
COST,981.2501,Call,1000,2026-02-20T16:30:00-06:00,0,"0.50 x 149","0.90 x 138",0.5,149,bid,7400,424,1764,27.85%,0.097682546028612,AUTO,N/A,"09:34:38 ET"
COMP,10.46,Call,10,2026-02-20T16:30:00-06:00,0,"0.65 x 196","0.65 x 17",0.65,131,ask,8500,255,5807,177.10%,0.70397808804584,AUTO,N/A,"09:34:38 ET"
FIG,26.7239,Call,27,2026-02-20T16:30:00-06:00,0,"0.20 x 432","0.35 x 351",0.32,320,mid,10200,1309,6532,118.14%,0.44623979106323,SLAN,N/A,"09:34:38 ET"
SOFI,18.84,Put,20,2026-02-27T16:30:00-06:00,7,"1.15 x 3573","1.24 x 2",1.21,244,mid,29500,348,6762,58.28%,-0.7569100083,SLAN,N/A,"09:34:38 ET"
OPEN,5.38,Call,5,2026-02-20T16:30:00-06:00,0,"0.32 x 546","0.36 x 155",0.32,428,bid,13600,12856,30752,179.49%,0.79762747095631,SLAN,N/A,"09:34:40 ET"
OWL,10.7799,Put,11,2026-03-20T16:30:00-05:00,28,"1.00 x 342","1.10 x 1122",1.09,330,mid,35900,3059,20064,72.44%,-0.503749075,ISOI,N/A,"09:34:41 ET"
OWL,10.7799,Put,11,2026-03-20T16:30:00-05:00,28,"1.00 x 848","1.10 x 368",1.09,1551,mid,169000,3059,20064,72.44%,-0.503749075,SLAN,N/A,"09:34:42 ET"
GM,80.74,Call,85,2026-03-20T16:30:00-05:00,28,"1.27 x 168","1.33 x 3",1.33,114,ask,15100,135,14777,32.78%,0.30960817553424,AUTO,N/A,"09:34:42 ET"
SNDK,638.97,Put,600,2026-02-20T16:30:00-06:00,0,"1.60 x 5","1.65 x 36",1.6,144,bid,23000,740,3363,95.66%,-0.098059509,AUTO,N/A,"09:34:43 ET"
RBLX,61.02,Put,63,2026-02-20T16:30:00-06:00,0,"1.15 x 489","1.60 x 250",1.6,250,ask,40000,726,1538,36.96%,-0.9516881394,AUTO,N/A,"09:34:44 ET"
NEM,122.53,Call,130,2026-02-20T16:30:00-06:00,0,"0.25 x 250","0.37 x 334",0.25,250,bid,6200,501,5485,72.64%,0.060935706792694,AUTO,N/A,"09:34:48 ET"
RIG,6.2399,Call,6,2026-05-15T16:30:00-05:00,84,"0.89 x 100","1.00 x 275",0.9,200,mid,18000,200,19955,70.31%,0.59361766629128,AUTO,N/A,"09:34:48 ET"
BSX,75.08,Call,85,2026-04-17T16:30:00-05:00,56,"1.00 x 61","1.15 x 26",1.15,158,ask,18100,159,7658,34.77%,0.21140848279741,AUTO,N/A,"09:34:48 ET"
NVDA,188.0301,Call,192.5,2026-02-23T16:30:00-06:00,3,"0.40 x 1875","0.41 x 162",0.4,1875,bid,75000,4463,16302,28.38%,0.18703194405549,AUTO,N/A,"09:34:48 ET"
MGM,35.98,Put,36,2026-02-20T16:30:00-06:00,0,"0.01 x 785","0.38 x 400",0.38,400,ask,15200,400,742,49.80%,-0.5021822471,AUTO,N/A,"09:34:48 ET"
TSM,362.89,Put,290,2026-04-17T16:30:00-05:00,56,"3.60 x 388","4.75 x 583",4.15,150,mid,62200,150,3780,51.38%,-0.1082134937,SLFT,N/A,"09:34:50 ET"
NEM,122.53,Put,124,2026-02-20T16:30:00-06:00,0,"1.09 x 622","1.90 x 889",1.41,131,mid,18400,172,411,36.96%,-0.7286848261,MLET,N/A,"09:34:50 ET"
NEM,122.53,Put,125,2026-02-20T16:30:00-06:00,0,"1.45 x 665","2.20 x 407",1.91,131,mid,25000,189,695,0.00%,0,MLET,N/A,"09:34:50 ET"
CRSR,5.48,Call,5,2026-03-20T16:30:00-05:00,28,"0.80 x 72","0.95 x 463",0.85,500,mid,42500,501,336,98.83%,0.68509361878392,AUTO,ToOpen,"09:34:53 ET"
NVDA,188.0301,Put,105,2026-03-06T16:30:00-06:00,14,"0.04 x 202","0.06 x 119",0.05,3730,mid,18600,4642,4535,118.07%,-0.0041406074,AUTO,N/A,"09:34:59 ET"
PLTR,132.31,Call,130,2026-05-15T16:30:00-05:00,84,"16.45 x 290","16.55 x 20",16.45,290,bid,477000,309,2259,59.54%,0.59265482560169,AUTO,N/A,"09:35:00 ET"
ONDS,11.105,Call,11,2026-02-20T16:30:00-06:00,0,"0.20 x 301","0.23 x 634",0.2,300,bid,6000,1255,11148,106.21%,0.57986328372896,AUTO,N/A,"09:35:00 ET"
PLTR,132.31,Call,140,2026-02-20T16:30:00-06:00,0,"0.03 x 188","0.04 x 336",0.04,2097,ask,8300,3345,23104,58.23%,0.032245502393863,SLAN,N/A,"09:35:01 ET"
KLAR,13.47,Put,12.5,2026-03-20T16:30:00-05:00,28,"0.75 x 729","0.80 x 5",0.8,146,ask,11600,242,2746,80.60%,-0.3238672669,AUTO,N/A,"09:35:02 ET"
COIN,169.09,Put,165,2026-02-20T16:30:00-06:00,0,"0.89 x 120","0.97 x 1",0.89,120,bid,10600,481,2919,68.38%,-0.2390373367,AUTO,N/A,"09:35:02 ET"
MBLY,9.065,Call,9,2026-06-18T16:30:00-05:00,118,"1.23 x 260","1.27 x 12",1.27,180,ask,22800,400,873,58.30%,0.58844533702306,AUTO,N/A,"09:35:02 ET"
COIN,169.09,Call,175,2026-02-20T16:30:00-06:00,0,"0.39 x 11","0.45 x 126",0.45,126,ask,5600,1356,8484,70.37%,0.17911761618904,AUTO,N/A,"09:35:02 ET"
NVO,47.4,Call,47,2026-02-20T16:30:00-06:00,0,"0.68 x 111","0.88 x 113",0.8,200,mid,16000,761,2390,40.71%,0.65959194309281,MLET,N/A,"09:35:03 ET"
NVO,47.4,Call,46.5,2026-02-20T16:30:00-06:00,0,"1.11 x 105","1.33 x 84",1.21,200,mid,24200,759,760,43.91%,0.80281953998731,MLET,N/A,"09:35:03 ET"
ORCL,151.4604,Put,150,2026-02-20T16:30:00-06:00,0,"0.86 x 196","0.99 x 1",1,870,ask,87000,2544,12891,50.81%,-0.3511168068,ISOI,N/A,"09:35:04 ET"
CELH,47.5,Call,45,2026-02-20T16:30:00-06:00,0,"2.34 x 141","2.70 x 50",2.7,200,ask,54000,2294,10112,101.09%,0.85486396389531,AUTO,N/A,"09:35:06 ET"
ASTS,85.2636,Call,85,2026-02-20T16:30:00-06:00,0,"1.50 x 220","1.65 x 28",1.5,300,bid,45000,646,4293,92.41%,0.53607571977688,AUTO,N/A,"09:35:06 ET"
OPEN,5.38,Call,5,2026-02-20T16:30:00-06:00,0,"0.37 x 202","0.39 x 205",0.39,205,ask,7900,12856,30752,179.49%,0.79762747095631,AUTO,N/A,"09:35:07 ET"
OPEN,5.38,Call,4.5,2026-03-13T16:30:00-05:00,21,"0.62 x 4260","1.00 x 300",1,500,ask,50000,551,761,115.75%,0.78517339677922,AUTO,N/A,"09:35:07 ET"
WMT,122.28,Put,122,2026-02-20T16:30:00-06:00,0,"0.80 x 117","0.85 x 118",0.8,500,bid,40000,1740,2358,35.43%,-0.4453951602,ISOI,N/A,"09:35:07 ET"
OPEN,5.38,Call,5,2026-02-20T16:30:00-06:00,0,"0.37 x 1432","0.38 x 496",0.37,837,bid,30900,12856,30752,179.49%,0.79762747095631,AUTO,N/A,"09:35:10 ET"
GOOGL,309.7,Call,310,2026-02-20T16:30:00-06:00,0,"1.20 x 171","1.21 x 1",1.21,266,ask,32100,13427,12630,31.81%,0.48212352882374,AUTO,N/A,"09:35:10 ET"
APP,424.85,Call,450,2026-02-20T16:30:00-06:00,0,"0.50 x 80","0.60 x 10",0.53,300,mid,15900,960,7742,81.56%,0.091152413138079,SLAN,N/A,"09:35:10 ET"
NBIS,106.64,Put,100,2026-02-27T16:30:00-06:00,7,"3.45 x 109","3.70 x 366",3.7,299,ask,110600,382,1250,108.96%,-0.3065825685,AUTO,N/A,"09:35:11 ET"
SMCI,31.75,Call,31,2026-02-20T16:30:00-06:00,0,"0.87 x 20","0.90 x 84",0.9,141,ask,12600,253,7856,72.39%,0.74442267924801,AUTO,N/A,"09:35:13 ET"
APLD,30.9401,Put,30,2026-02-20T16:30:00-06:00,0,"0.27 x 200","0.33 x 529",0.27,200,bid,5400,328,5414,96.40%,-0.260162744,AUTO,N/A,"09:35:13 ET"
CZR,21.82,Call,19,2026-02-27T16:30:00-06:00,7,"2.30 x 679","3.45 x 464",2.87,110,mid,31500,110,257,61.33%,0.95353437322638,MLET,N/A,"09:35:14 ET"
CZR,21.82,Call,20,2026-02-27T16:30:00-06:00,7,"1.60 x 868","2.35 x 372",1.97,110,mid,21600,110,394,60.97%,0.86039525350837,MLET,N/A,"09:35:14 ET"
HAL,35.26,Put,34,2026-02-27T16:30:00-06:00,7,"0.34 x 500","0.52 x 1705",0.34,200,bid,6800,954,1842,43.10%,-0.2595335125,AUTO,N/A,"09:35:14 ET"
CCL,31.64,Put,31.5,2026-02-20T16:30:00-06:00,0,"0.28 x 1","0.28 x 271",0.28,271,ask,7500,401,585,52.89%,-0.4298982813,AUTO,N/A,"09:35:15 ET"
BRBR,18.83,Call,20,2026-05-15T16:30:00-05:00,84,"1.85 x 1357","2.10 x 110",2.1,110,ask,23100,116,2211,69.79%,0.50511032982517,AUTO,N/A,"09:35:15 ET"
GOOG,310.1899,Call,315,2026-02-20T16:30:00-06:00,0,"0.28 x 496","0.30 x 198",0.28,496,bid,13800,6767,6245,31.69%,0.17855885913156,AUTO,N/A,"09:35:16 ET"
GME,23.76,Call,21.5,2026-02-20T16:30:00-06:00,0,"1.94 x 772","2.36 x 58",2.15,120,mid,25800,120,1552,0.00%,0,MLET,N/A,"09:35:16 ET"
GME,23.76,Call,22,2026-03-20T16:30:00-05:00,28,"2.04 x 999","2.47 x 56",2.25,120,mid,27000,120,1511,47.65%,0.73724772587619,MLET,N/A,"09:35:16 ET"
BULL,5.93,Call,30,2028-01-21T16:30:00-06:00,700,"0.27 x 2","0.36 x 3417",0.32,166,mid,5300,500,20875,71.69%,0.14249235196602,SLAN,N/A,"09:35:16 ET"
BULL,5.93,Call,30,2028-01-21T16:30:00-06:00,700,"0.27 x 2","0.36 x 3417",0.33,332,mid,10900,500,20875,71.69%,0.14249235196602,SLAN,N/A,"09:35:16 ET"
COIN,169.09,Call,170,2026-02-20T16:30:00-06:00,0,"1.84 x 57","2.00 x 112",2,112,ask,22400,2435,10455,67.15%,0.44686569989042,AUTO,N/A,"09:35:18 ET"
CELH,47.5,Call,39,2026-03-06T16:30:00-06:00,14,"9.05 x 292","9.65 x 10",9.65,290,ask,279800,2560,16123,99.46%,0.86798332357188,AUTO,N/A,"09:35:21 ET"
NKE,65.225,Call,69,2026-02-27T16:30:00-06:00,7,"0.37 x 322","0.44 x 143",0.44,999,ask,43900,3019,674,41.22%,0.17012468648851,SLAN,N/A,"09:35:21 ET"
EQX,17.465,Call,17.5,2026-04-17T16:30:00-05:00,56,"1.80 x 503","1.80 x 399",1.8,399,ask,71800,1435,14146,63.22%,0.55515973872396,AUTO,N/A,"09:35:23 ET"
OPEN,5.38,Call,5.5,2026-02-20T16:30:00-06:00,0,"0.11 x 30","0.13 x 225",0.12,1897,mid,22700,14994,23155,162.86%,0.41400786002619,AUTO,N/A,"09:35:24 ET"
AMZN,205.7,Put,175,2026-05-15T16:30:00-05:00,84,"4.25 x 49","4.30 x 14",4.25,1299,bid,552000,1381,2777,42.02%,-0.1736650734,AUTO,N/A,"09:35:24 ET"
WMT,122.28,Put,122,2026-02-27T16:30:00-06:00,7,"1.97 x 75","2.07 x 30",2,250,mid,50000,1187,1554,31.36%,-0.4662075138,SLAN,N/A,"09:35:24 ET"
WMT,122.28,Call,125,2026-02-27T16:30:00-06:00,7,"1.08 x 152","1.16 x 96",1.08,152,bid,16400,326,877,31.00%,0.31621315050747,AUTO,N/A,"09:35:25 ET"
CELH,47.5,Call,39,2026-03-06T16:30:00-06:00,14,"9.05 x 361","9.65 x 10",9.65,282,ask,272100,2560,16123,99.46%,0.86798332357188,AUTO,N/A,"09:35:26 ET"
WULF,15.3468,Call,8,2026-02-20T16:30:00-06:00,0,"6.55 x 1501","7.95 x 1286",7.21,200,mid,144200,500,7248,0.00%,0,MLET,N/A,"09:35:26 ET"
WULF,15.3468,Call,8,2026-03-20T16:30:00-05:00,28,"6.60 x 2176","8.00 x 1693",7.33,200,mid,146600,500,11288,0.00%,0,MLET,N/A,"09:35:26 ET"
OPEN,5.38,Call,5,2026-02-20T16:30:00-06:00,0,"0.38 x 16","0.40 x 1240",0.41,183,ask,7500,12856,30752,179.49%,0.79762747095631,MLET,N/A,"09:35:26 ET"
TSLA,409.375,Call,410,2026-02-23T16:30:00-06:00,3,"4.70 x 103","4.80 x 7",4.7,426,bid,200200,2358,1063,35.02%,0.49091848347984,AUTO,N/A,"09:35:26 ET"
PLTR,132.31,Call,150,2026-02-27T16:30:00-06:00,7,"0.25 x 250","0.26 x 174",0.25,250,bid,6200,416,10035,56.31%,0.059215830222905,AUTO,N/A,"09:35:29 ET"
INTC,43.445,Call,44,2026-02-20T16:30:00-06:00,0,"0.29 x 607","0.31 x 261",0.29,646,bid,18700,4500,12185,51.29%,0.32255778977293,AUTO,N/A,"09:35:32 ET"
XOM,149.75,Call,160,2026-03-20T16:30:00-05:00,28,"1.79 x 500","1.84 x 162",1.79,500,bid,89500,2571,11846,31.31%,0.23776561132375,AUTO,N/A,"09:35:33 ET"
FIVN,18.235,Call,20,2026-03-20T16:30:00-05:00,28,"0.60 x 30","0.80 x 104",0.75,150,mid,11200,370,952,71.40%,0.36156281633853,SLFT,N/A,"09:35:35 ET"
RDDT,146.535,Call,136,2026-02-20T16:30:00-06:00,0,"8.80 x 298","12.00 x 188",10.75,200,mid,215000,200,652,95.38%,0.93726779596184,MLAT,N/A,"09:35:36 ET"
RDDT,146.535,Call,144,2026-02-20T16:30:00-06:00,0,"2.78 x 48","4.45 x 425",3.53,200,mid,70600,202,663,66.51%,0.70025534232638,MLAT,N/A,"09:35:36 ET"
RDDT,146.535,Call,152.5,2026-02-27T16:30:00-06:00,7,"3.00 x 310","3.85 x 530",3.43,200,mid,68600,200,533,71.52%,0.36454359499878,MLAT,N/A,"09:35:36 ET"
RDDT,146.535,Call,147,2026-02-27T16:30:00-06:00,7,"5.05 x 60","6.25 x 493",5.65,200,mid,113000,202,434,74.92%,0.51119191914555,MLAT,N/A,"09:35:36 ET"
WU,9.21,Put,9,2026-09-18T16:30:00-05:00,210,"1.10 x 40","1.10 x 40",1.1,200,ask,22000,250,542,39.60%,-0.4314869166,AUTO,N/A,"09:35:36 ET"
GOOG,310.1899,Call,300,2026-02-27T16:30:00-06:00,7,"11.80 x 63","12.00 x 387",12,204,ask,244800,562,3025,39.54%,0.74189430544341,ISOI,N/A,"09:35:37 ET"
GOOG,310.1899,Call,300,2026-02-27T16:30:00-06:00,7,"11.85 x 40","12.00 x 296",12,296,ask,355200,562,3025,39.54%,0.74189430544341,AUTO,N/A,"09:35:37 ET"
PYPL,42.0769,Call,41.5,2026-02-20T16:30:00-06:00,0,"0.58 x 302","0.65 x 200",0.65,200,ask,13000,255,3980,42.76%,0.73737580231399,AUTO,N/A,"09:35:39 ET"
AFL,112.5748,Put,95,2026-05-15T16:30:00-05:00,84,"0.50 x 264","0.75 x 133",0.75,133,ask,9900,133,175,29.20%,-0.0955349246,AUTO,N/A,"09:35:39 ET"
PLTR,132.31,Call,142,2026-02-20T16:30:00-06:00,0,"0.02 x 476","0.03 x 44",0.03,2489,ask,7400,2671,6962,61.12%,0.013689095430252,SLAN,N/A,"09:35:40 ET"
NVO,47.4,Put,50,2026-04-17T16:30:00-05:00,56,"5.00 x 194","5.15 x 35",5.15,236,ask,121500,271,18789,51.31%,-0.5629986408,AUTO,N/A,"09:35:41 ET"
RGTI,16.295,Call,17,2026-02-27T16:30:00-06:00,7,"0.35 x 1841","0.67 x 600",0.6,154,mid,9200,156,757,98.49%,0.40621893486858,SLAN,N/A,"09:35:41 ET"
SOFI,18.84,Call,45,2026-12-18T16:30:00-06:00,301,"0.46 x 4934","0.94 x 6642",0.66,195,mid,12800,196,3526,67.41%,0.14279289482276,SLAN,N/A,"09:35:42 ET"
MRNA,49.63,Call,55,2026-04-17T16:30:00-05:00,56,"4.20 x 2","4.30 x 21",4.3,105,ask,45100,116,9617,77.77%,0.43394748146459,AUTO,N/A,"09:35:43 ET"
HOOD,77.305,Call,77,2026-02-20T16:30:00-06:00,0,"1.13 x 280","1.22 x 200",1.22,200,ask,24400,3697,7999,57.86%,0.55954018879889,AUTO,N/A,"09:35:44 ET"
T,27.625,Call,28,2026-03-20T16:30:00-05:00,28,"0.57 x 624","0.59 x 106",0.59,106,ask,6200,123,13686,24.29%,0.43157363816122,AUTO,N/A,"09:35:45 ET"
MBLY,9.065,Call,9,2026-06-18T16:30:00-05:00,118,"1.24 x 32","1.27 x 200",1.27,200,ask,25400,400,873,58.30%,0.58844533702306,AUTO,N/A,"09:35:46 ET"
CRML,9.3201,Call,10,2026-05-15T16:30:00-05:00,84,"1.75 x 1005","2.00 x 133",1.83,1150,mid,210400,1155,4795,121.52%,0.57350955158513,MLET,N/A,"09:35:46 ET"
IREN,43.05,Call,20,2026-02-20T16:30:00-06:00,0,"21.90 x 920","23.20 x 186",23.18,230,mid,533100,518,1107,775.65%,0.98230254707909,AUTO,N/A,"09:35:46 ET"
ET,18.9,Call,19,2026-03-20T16:30:00-05:00,28,"0.45 x 10","0.50 x 37",0.5,500,ask,25000,513,64639,24.78%,0.47016511298481,SLFT,N/A,"09:35:47 ET"
IREN,43.05,Call,20,2026-02-20T16:30:00-06:00,0,"21.90 x 774","23.20 x 186",23.18,186,mid,431100,518,1107,775.65%,0.98230254707909,AUTO,N/A,"09:35:48 ET"
GOOG,310.1899,Call,315,2026-02-20T16:30:00-06:00,0,"0.36 x 200","0.38 x 101",0.36,200,bid,7200,6767,6245,31.69%,0.17855885913156,AUTO,N/A,"09:35:50 ET"
GOSS,2.0907,Call,2,2026-03-20T16:30:00-05:00,28,"1.20 x 287","1.45 x 531",1.33,400,mid,53200,427,14729,643.87%,0.82070886428335,MLAT,N/A,"09:35:52 ET"
GOSS,2.0907,Call,5,2026-03-20T16:30:00-05:00,28,"0.50 x 942","0.75 x 132",0.61,400,mid,24400,405,16897,528.90%,0.555290240044,MLAT,N/A,"09:35:52 ET"
TSM,362.89,Put,270,2026-04-17T16:30:00-05:00,56,"2.24 x 119","2.24 x 150",2.24,150,ask,33600,150,2969,53.57%,-0.0624094583,AUTO,N/A,"09:35:54 ET"
OWL,10.7799,Put,10.5,2026-02-20T16:30:00-06:00,0,"0.30 x 1017","0.35 x 1",0.3,500,bid,15000,1857,1235,154.85%,-0.3571899124,AUTO,N/A,"09:35:55 ET"
OPEN,5.38,Call,5.5,2026-02-27T16:30:00-06:00,7,"0.26 x 20","0.29 x 1952",0.29,988,ask,28600,2971,7235,111.58%,0.4756778528744,AUTO,N/A,"09:35:55 ET"
RKT,18.02,Call,22,2026-03-20T16:30:00-05:00,28,"0.36 x 1342","0.48 x 262",0.41,200,mid,8200,216,29566,76.50%,0.20531598143094,AUTO,N/A,"09:35:55 ET"
DPZ,383.09,Put,350,2026-03-20T16:30:00-05:00,28,"1.30 x 252","4.40 x 180",4.4,180,ask,79200,180,1003,39.17%,-0.1842249146,AUTO,N/A,"09:35:56 ET"
SNDK,638.97,Put,630,2026-02-20T16:30:00-06:00,0,"7.50 x 300","8.90 x 137",7.5,300,bid,225000,478,490,91.86%,-0.3737790236,AUTO,N/A,"09:35:56 ET"
GOOG,310.1899,Call,315,2026-02-20T16:30:00-06:00,0,"0.36 x 13","0.38 x 1",0.36,300,bid,10800,6767,6245,31.69%,0.17855885913156,SLFT,N/A,"09:35:57 ET"
WULF,15.3468,Call,13.5,2026-02-20T16:30:00-06:00,0,"1.36 x 1546","2.08 x 1053",1.82,2499,mid,454800,2500,8098,0.00%,0,SLAN,N/A,"09:35:59 ET"
NKE,65.225,Call,66,2026-02-20T16:30:00-06:00,0,"0.49 x 113","0.52 x 469",0.49,113,bid,5500,747,6343,53.86%,0.34198490765607,AUTO,N/A,"09:36:01 ET"
SNDK,638.97,Call,690,2026-02-20T16:30:00-06:00,0,"0.85 x 109","1.00 x 18",0.85,109,bid,9200,244,796,92.55%,0.058018622718734,AUTO,N/A,"09:36:03 ET"
ATAI,3.925,Call,5,2026-03-20T16:30:00-05:00,28,"0.15 x 502","0.30 x 4",0.2,1000,mid,20000,1000,1383,119.60%,0.28883132445866,AUTO,N/A,"09:36:04 ET"
ASST,8.26,Put,10.5,2026-02-20T16:30:00-06:00,0,"2.50 x 41","2.72 x 2",2.5,517,bid,129200,595,651,522.98%,-0.7724775904,AUTO,N/A,"09:36:05 ET"
CRWV,92.405,Call,92,2026-02-20T16:30:00-06:00,0,"1.75 x 200","1.94 x 14",1.75,200,bid,35000,683,956,82.91%,0.55005437845929,AUTO,N/A,"09:36:06 ET"
META,646.66,Call,660,2026-02-20T16:30:00-06:00,0,"0.27 x 18","0.30 x 12",0.3,200,ask,6000,735,4957,28.94%,0.089371576884533,MLET,N/A,"09:36:08 ET"
PLTR,132.31,Call,141,2026-02-20T16:30:00-06:00,0,"0.03 x 345","0.04 x 4",0.04,2500,ask,10000,5504,8047,59.21%,0.020233316230585,SLAN,N/A,"09:36:08 ET"
CDE,24,Call,30,2026-08-21T16:30:00-05:00,182,"3.80 x 66","4.30 x 2412",3.99,279,mid,111300,311,3501,89.65%,0.48394737403053,SLAN,N/A,"09:36:11 ET"
"Downloaded from Barchart.com as of 02-22-2026 08:19am CST"
